id,course_code,course_name,professor,is_online
0,PRI4001-01,미적분학및연습1,문환표,True
1,PRI4001-02,미적분학및연습1,박장희,False
2,PRI4002-01,일반물리학및실험1,이동화,False
3,PRI4012-01,미적분학및연습2,엄건애,False
4,PRI4012-02,미적분학및연습2,최광호,False
5,PRI4012-03,미적분학및연습2,임영빈,False
6,PRI4012-04,미적분학및연습2,심호진,False
7,PRI4012-05,미적분학및연습2,김동호,False
8,PRI4012-06,미적분학및연습2,엄건애,False
9,PRI4012-07,미적분학및연습2,임영빈,False
10,PRI4012-08,미적분학및연습2,박장희,False
11,PRI4012-09,미적분학및연습2,박정준,False
12,PRI4012-10,미적분학및연습2,박상웅,False
13,PRI4012-11,미적분학및연습2,임영빈,False
14,PRI4012-12,미적분학및연습2,권기운,False
15,PRI4012-13,미적분학및연습2,박호,False
16,PRI4012-14,미적분학및연습2,박정준,False
17,PRI4012-15,미적분학및연습2,임영빈,False
18,PRI4012-16,미적분학및연습2,조영덕,False
19,PRI4012-17,미적분학및연습2,박호,False
20,PRI4012-18,미적분학및연습2,오승익,False
21,PRI4012-19,미적분학및연습2,조영덕,False
22,PRI4012-20,미적분학및연습2,박호,False
23,PRI4012-21,미적분학및연습2,박정준,False
24,PRI4013-01,일반물리학및실험2,정권범,False
25,PRI4013-02,일반물리학및실험2,양우철,False
26,PRI4013-03,일반물리학및실험2,김선배,False
27,PRI4013-04,일반물리학및실험2,곽동욱,False
28,PRI4013-05,일반물리학및실험2,손정인,False
29,PRI4013-06,일반물리학및실험2,이원철,False
30,PRI4013-07,일반물리학및실험2,박경원,False
31,PRI4013-08,일반물리학및실험2,김순구,False
32,PRI4013-09,일반물리학및실험2,이동화,False
33,PRI4013-10,일반물리학및실험2,오형택,False
34,PRI4013-11,일반물리학및실험2,류영선,False
35,PRI4013-12,일반물리학및실험2,권상우,False
36,PRI4013-13,일반물리학및실험2,류승윤,False
37,PRI4014-01,일반화학및실험2,김갑수,False
38,PRI4014-02,일반화학및실험2,임재희,False
39,PRI4014-03,일반화학및실험2,유미경,False
40,PRI4014-04,일반화학및실험2,김갑수,False
41,PRI4014-05,일반화학및실험2,김갑수,False
42,PRI4014-06,일반화학및실험2,이길선,False
43,PRI4014-07,일반화학및실험2,윤성욱,False
44,PRI4015-01,일반생물학및실험2,이보영,False
45,PRI4015-02,일반생물학및실험2,정상민,False
46,PRI4015-04,일반생물학및실험2,조선희,False
47,PRI4016-01,일반통계학및실습2,정선,False
48,PRI4021-01,대학생물학및실험2,정상민,False
49,PRI4021-02,대학생물학및실험2,정상민,False
50,PRI4021-03,대학생물학및실험2,변지희,False
51,PRI4021-04,대학생물학및실험2,방석영,False
52,PRI4021-05,대학생물학및실험2,변지희,False
53,PRI4022-01,대학통계학및실습2,안홍엽,False
54,PRI4023-01,확률및통계학,김희경,False
55,PRI4023-02,확률및통계학,정선,False
56,PRI4023-03,확률및통계학,곽화륜,False
57,PRI4023-04,확률및통계학,곽화륜,False
58,PRI4023-05,확률및통계학,최은희,False
59,PRI4023-06,확률및통계학,최은희,False
60,PRI4024-01,공학선형대수학,연미정,False
61,PRI4024-02,공학선형대수학,송윤애,False
62,PRI4024-03,공학선형대수학,송윤애,False
63,PRI4024-04,공학선형대수학,조영덕,False
64,PRI4025-01,공학수학1,조영덕,False
65,PRI4025-02,공학수학1,최광호,False
66,PRI4025-03,공학수학1,김동호,False
67,PRI4025-04,공학수학1,조범규,False
68,PRI4027-01,이산수학,김동우,False
69,PRI4027-02,이산수학,선석규,False
70,PRI4028-01,생물학개론,이보영,False
71,PRI4028-02,생물학개론,한미희,False
72,PRI4028-03,생물학개론,조선희,False
73,PRI4028-04,생물학개론,이재영,False
74,PRI4028-05,생물학개론,이보영,False
75,PRI4029-01,물리학개론,오형택,False
76,PRI4029-02,물리학개론,김선배,False
77,PRI4029-03,물리학개론,이원철,False
78,PRI4030-01,화학개론,임재희,False
79,PRI4030-02,화학개론,문혜영,False
80,PRI4030-03,화학개론,유미경,False
81,PRI4030-04,화학개론,이종혁,False
82,PRI4030-05,화학개론,조현진,False
83,PRI4033-01,지구환경과학,조봉연,False
84,PRI4033-02,지구환경과학,조봉연,False
85,PRI4035-01,프로그래밍기초와실습,홍성옥,False
86,PRI4035-02,프로그래밍기초와실습,홍성옥,False
87,PRI4035-04,프로그래밍기초와실습,정화용,False
88,PRI4035-05,프로그래밍기초와실습,정화용,False
89,PRI4035-06,프로그래밍기초와실습,김경자,False
90,PRI4035-07,프로그래밍기초와실습,안영아,False
91,PRI4039-02,인터넷프로그래밍,장은실,False
92,PRI4039-03,인터넷프로그래밍,장은실,False
93,PRI4041-01,공학경제,전성범,False
94,PRI4041-02,공학경제,서용윤,False
95,PRI4041-03,공학경제,홍성조,False
96,PRI4041-04,공학경제,백정우,False
97,PRI4041-05,공학경제,김상직,False
98,PRI4046-01,기초수학(인문),송윤애,False
99,PRI5002-01,TOEIC영어,양창헌,False
100,PRI5002-02,TOEIC영어,박소영,False
101,PRI5002-03,TOEIC영어,정원일,False
102,PRI5002-04,TOEIC영어,이광임,False
103,PRI5002-05,TOEIC영어,김효식,False
104,PRI5002-06,TOEIC영어,정승원,False
105,PRI5016-01,Academic Reading and Discussion,데미안,False
106,PRI5016-02,Academic Reading and Discussion,데미안,False
107,PRI5017-01,Academic Listening and Discussion,베리웰시,False
108,PRI5017-02,Academic Listening and Discussion,베리웰시,False
109,PRI5051-01,시사영어,방찬혁,False
110,PRI5073-01,CurrentIssuesandDiscussion,쟌아다마,False
111,PRI5073-02,CurrentIssuesandDiscussion,쟌아다마,False
117,PRI5076-01,BusinessWriting,에이미우,False
119,PRI5076-03,BusinessWriting,에이미우,False
121,PRI5079-01,EnglishConversation3,마크존슨,False
122,PRI5080-01,EnglishConversation4,콜린캠벨,False
123,PRI5081-01,중국어(초급),박석홍,False
124,PRI5081-04,중국어(초급),정겨울,False
125,PRI5081-05,중국어(초급),양선혜,False
126,PRI5081-06,중국어(초급),박은석,False
127,PRI5081-07,중국어(초급),조영경,False
128,PRI5081-08,중국어(초급),김순진,False
129,PRI5082-01,중국어(중급),김화진,False
130,PRI5083-01,일본어(초급),김지혜,False
131,PRI5083-02,일본어(초급),김연진,False
132,PRI5083-03,일본어(초급),신우진,False
133,PRI5083-04,일본어(초급),민건기,False
134,PRI5083-05,일본어(초급),신지연,False
135,PRI5083-06,일본어(초급),하소정,False
136,PRI5083-07,일본어(초급),오채현,False
137,PRI5083-08,일본어(초급),김경민,False
138,PRI5083-09,일본어(초급),하채령,False
139,PRI5083-10,일본어(초급),신은화,False
140,PRI5083-11,일본어(초급),박정원,False
141,PRI5083-12,일본어(초급),최지수,False
142,PRI5084-01,일본어(중급),고쿠쇼카즈미,False
143,PRI5085-01,독일어(초급),박세미,False
144,PRI5085-02,독일어(초급),이상욱,False
145,PRI5087-01,불어(초급),임민지,False
146,PRI5087-02,불어(초급),임민지,False
147,PRI5089-01,러시아어(초급),김연수,False
148,PRI5089-02,러시아어(초급),김연수,False
149,PRI5091-01,스페인어(초급),정민정,False
150,PRI5091-02,스페인어(초급),정민정,False
151,PRI5092-01,스페인어(중급),정민정,False
152,PRI5093-01,아랍어(초급),이동은,False
153,PRI5093-02,아랍어(초급),이동은,False
154,PRI5095-02,교양한문,최진영,False
155,PRI5095-03,교양한문,이주영,False
156,PRI5095-04,교양한문,정난영,False
157,PRI5095-05,교양한문,최진경,False
158,PRI5095-06,교양한문,민희주,False
159,PRI5095-07,교양한문,심혜경,False
160,PRI5095-08,교양한문,박성호,False
161,PRI5095-09,교양한문,최진영,False
162,PRI5096-01,라틴어(초급),손윤락,False
163,PRI5097-01,OPIc,마크존슨,False
164,PRI5099-01,TOPIK,백수혜,False
165,PRI5099-02,TOPIK,백수혜,False
166,EGC1100-01,금서의문화사,김일환,False
167,EGC1102-01,역사학과빅데이터,김택경,False
168,EGC1105-01,만해한용운:함께길을걷다,김진병,False
169,EGC1106-01,심리학의거장을만나다:인간의생각에대한이해,정지아,False
170,EGC1108-01,인공지능윤리,박진희,False
171,EGC1109-01,지상의모든심리,김성규,False
172,EGC1109-02,지상의모든심리,김성규,False
173,EGC1110-01,오랑캐의세계사:동아시아에서동부유라시아로,남민구,False
174,EGC1111-01,"동부유라시아와한국,갈등과교류의역사",이승호,False
175,EGC1112-01,동국의역사와인물,윤재웅,True
176,EGC1112-02,동국의역사와인물,윤재웅,True
177,EGC1113-01,물품의글로벌히스토리,임경준,False
178,EGC1114-01,LanguageAndMind,윤영도,False
179,EGC2049-01,만해와근대지성,김광식,False
180,EGC2050-01,근현대고승열전,김광식,False
181,EGC2065-01,글로벌한국사,노대환,False
182,EGC2065-02,글로벌한국사,신경미,False
183,EGC2065-03,글로벌한국사,김진우,False
184,EGC2067-01,삶과죽음의철학,김명식,False
185,EGC2067-02,삶과죽음의철학,황인욱,False
186,EGC2071-01,"한미관계,협력과갈등의이중주",황교성,False
187,EGC2081-01,21세기생명생태철학,김종욱(일초),False
188,EGC2084-01,오리엔탈리즘과불교,황순일(보성),False
189,EGC2086-01,대학과청년문화,조은애,False
190,EGC2087-01,세계문학속의인권,김문정,False
191,EGC2095-01,글로벌에콜로지컬히스토리,양홍석,False
192,EGC2108-01,일본한자음쉽게이해하기,이경철,True
193,EGC2110-01,동아시아의역사와문화,서용석,False
194,EGC2111-01,인간과로봇의공존시대,허남결(월인(月印)),False
195,EGC2112-01,한국문화낯설게보기,남근우,False
196,EGC2113-01,현대페미니즘의이해,김윤경,False
197,EGC2116-01,불교와스토리텔링,우제선,False
198,EGC2117-01,동유라시아 세계 물품의 문명·문화사,김택경,False
199,EGC2118-01,이야기와 노래,김일환,False
200,EGC2119-01,지도 위의 문학,정환국,False
201,EGC2121-01,시와예술적상상력,박형준,False
202,EGC2123-01,인간에 관하여,박영식,False
203,EGC2123-02,인간에 관하여,황인욱,False
204,EGC2125-01,교유와 치유의 한시감상,박성호,False
205,EGC2127-01,영어권문화상품탐방,노헌균,False
206,EGC3056-01,4차산업혁명과보건의료산업,우재현,False
207,EGC8013-01,시사한국어1,홍진선,False
208,EGC8013-02,시사한국어1,백수혜,False
209,EGC8014-01,시사한국어2,홍진선,False
210,EGC8014-02,시사한국어2,권미경,False
211,EGC9006-01,인도불교이야기,황순일(보성),True
212,EGC9008-01,중국문자의이해,박석홍,True
213,EGC9012-01,그리스문학과신화이야기,손윤락,True
214,EGC9013-01,서구문학에나타난문제적인간읽기,정윤길,True
215,GCR2002-01,행복학의인문학적문제들,김진선,False
216,GCR2004-01,현대요가와자기이해,심준보(무설),False
217,EGC3028-01,인터넷정책과법,임규철,False
218,EGC3037-01,정보기술의이해,김인재,True
219,EGC3038-01,종교와법,고기복,False
220,EGC3038-02,종교와법,고기복,False
221,EGC3039-01,인권의이해,고기복,False
222,EGC3039-02,인권의이해,고기복,False
223,EGC3041-01,영문학속의AI,노헌균,True
224,EGC3045-01,광고홍보의이해,안정용,False
225,EGC3046-01,오페라속범죄학,부민서,False
226,EGC3051-01,대학생을위한실용금융,박한구,False
227,EGC3057-01,연애학개론,장재숙,False
228,EGC3059-01,기업운영의기초:수요와공급의균형,정욱,True
229,EGC3061-01,소비인사이트,조소연,False
230,EGC3063-01,"나의 생각 : 나와 타인, 사회에 대한 인지",정지아,False
231,EGC3064-01,자녀와 소통하는 훈련중심 예비부모교육,전미경,False
232,EGC3065-01,포스트 코로나 시대와 일본의 서브컬처,이현승,False
233,EGC3068-01,주제와 이슈로 돌아보는 세계,김태석,False
234,EGC3070-01,여행지리와도시산책,양병윤,False
235,EGC3071-01,"한일관계의과거,현재그리고미래",김태진,False
236,EGC3073-01,에너지산업과시장읽기,김유원,False
237,EGC7026-01,기술창조와특허,오승택,False
238,EGC7026-02,기술창조와특허,오승택,False
239,EGC7026-03,기술창조와특허,이용태,False
240,EGC7026-04,기술창조와특허,이용태,False
241,EGC7026-05,기술창조와특허,임중연,False
242,EGC7026-06,기술창조와특허,임중연,False
243,EGC7026-07,기술창조와특허,백성호,False
244,EGC9020-01,대중음악속의경제학개론,지인엽,False
245,EGC9021-01,비즈니스인텔리전스,김경재,True
246,EGC9022-01,사람의마음알기(나는너의마음을알고싶다),조영일,True
247,EGC9023-01,"세상을이해하는도구,통계",조영일,True
248,GCR3002-01,동남아시아와불교문화,김진영,False
249,EGC4018-01,환경과탄소,강규영,False
250,EGC4023-01,인간과우주,이관수,False
251,EGC4024-01,건강한삶을위한식생활,금나나,False
252,EGC4027-01,숲에서찾는바이오나노재료의이해,김대영,True
253,EGC4028-01,노벨상으로보는생명이야기,성정석,True
254,EGC4029-01,알기쉬운반도체,김현석,True
255,EGC4030-01,성의과학,이태희,False
256,EGC4034-01,4차 산업혁명과 5G 무선통신,황승훈,True
257,EGC4035-01,사람을 위한 미생물에 의한 미생물의 환경공정,조시경,True
258,EGC4039-01,공학윤리,문재태,False
259,EGC4039-02,공학윤리,문재태,False
260,EGC4039-03,공학윤리,박진희,True
261,EGC4040-01,인공지능프로그래밍기초와실습,김윤선,False
262,EGC4040-02,인공지능프로그래밍기초와실습,윤성림,False
263,EGC4040-03,인공지능프로그래밍기초와실습,김윤선,False
264,EGC4040-04,인공지능프로그래밍기초와실습,김동환,False
265,EGC4042-01,태양계와외계행성,이관수,False
266,EGC7096-01,파이썬프로그래밍기초,강호석,False
267,EGC7096-02,파이썬프로그래밍기초,강호석,False
268,EGC9005-01,컴퓨터알고리즘의이해,정진우,True
269,EGC9007-01,로봇프로그래밍의세계,곽문규,True
270,EGC9009-01,집합과수의세계로의초대,이한주,True
271,EGC9011-01,과학기술과사회,강윤재,True
272,GCR4003-01,현대자연과학과미래사회,조훈영,False
273,EGC7006-01,골프,민나온,False
274,EGC7006-02,골프,이연정,False
275,EGC7009-01,댄스스포츠,홍인화,False
276,EGC7012-01,배드민턴,방은혜,False
277,EGC7014-01,농구,이호근,False
278,EGC7015-01,호신술,김만근,False
279,EGC7015-02,호신술,김만근,False
280,EGC7017-01,태권도,이상현,False
281,EGC7067-01,음악즐기기,이정화,False
282,EGC7071-01,부조리문학,방찬혁,False
283,EGC7072-01,영화로만나는패션,김희라,False
284,EGC7082-01,사진이미지와표현,최수정,False
285,EGC7086-01,연기와창의적사고,김영윤,False
286,EGC7086-02,연기와창의적사고,진창주,False
287,EGC7086-03,연기와창의적사고,이종민,False
288,EGC7088-01,"작곡실습,소리를통한가능성",김정민,False
289,EGC7098-01,실전축구초급,안효연,False
290,EGC7099-01,실전농구초급,이호근,False
291,EGC7100-01,실전야구초급,김희상,False
292,EGC7101-01,요가&필라테스,임주미,False
293,EGC7101-02,요가&필라테스,임주미,False
294,EGC7102-01,스포츠산업의 변화와 이노베이션,이제승,False
295,EGC7105-01,패션그리고미술관,김희라,False
296,EGC7106-01,방송댄스,문연주,False
297,EGC7108-01,치유로서의미술,유미,False
298,EGC7109-01,영화속클래식음악,이정화,False
299,EGC9003-01,예술과경영의만남,정달영,True
300,GCR7001-01,세계음식의문화적이해,이심열,False
301,GCR7002-01,EnglishThroughDrama,스티븐쿤스,False
302,GCR7003-01,"일본,문학,그리고불교",김호성(法雨),False
303,DEC1077-01,직무이해와기업분석,오준일,False
304,DEV1003-01,취업실전전략,우혜인,False
305,DEV1003-02,취업실전전략,오준일,False
306,DEV1003-03,취업실전전략,심태은,False
307,DEV1003-04,취업실전전략,김수현,False
308,DEV1003-05,취업실전전략,강창호,False
309,DEV1032-01,대학생의 자기주도적 학습전략,하오선,False
310,DEV1055-01,소셜벤처,이창영,False
311,DEV1063-01,비즈니스실무론,김유천,False
312,DEV1065-01,창의적기획과문제해결,임윤서,False
313,DEV1065-02,창의적기획과문제해결,임윤서,False
314,DEV1066-01,코칭리더십,이송이,False
315,DEV1066-02,코칭리더십,이송이,False
316,DEV1067-01,자기주도학습으로가는유학생학습전략,이선영,False
317,DEV1067-02,자기주도학습으로가는유학생학습전략,이선영,False
318,DEV1067-03,자기주도학습으로가는유학생학습전략,나윤주,False
319,DEV1073-01,기업실무기초(인사),허훈,False
320,DEV1074-01,공감의리더십,임윤서,False
321,DEV1075-01,글로벌리더십,김유천,False
322,DEV1076-01,비전설정과커리어플래닝,문재영,False
323,DEV1076-02,비전설정과커리어플래닝,이소은,False
324,DEV1078-01,스타트업과진로탐색,탁은하,False
325,DEV1078-02,스타트업과진로탐색,이창영,False
326,DEV1078-03,스타트업과진로탐색,탁은하,False
327,DEV1078-04,스타트업과진로탐색,지효선,False
328,DEV1080-01,스타트업과크라우드펀딩,이세형,False
329,DEV1081-01,소셜벤처프로젝트,이창영,False
330,DEV1082-01,스타트업시뮬레이션,한규동,False
331,DEV1084-01,더행복해지기-행복심리학,이송이,False
332,DEV1084-02,더행복해지기-행복심리학,이송이,False
333,DEV1085-01,PresentationSkillsandPublicSpeaking,캐서린무어,False
334,DEV11079-01,실전창업과상권분석,이지연,False
335,DEV11079-02,실전창업과상권분석,이지연,False
336,EGC5003-01,4차 산업혁명과 드론 디자인,이석주,False
337,EGC5011-01,"로봇의 행복, 인간의 행복",김진선,False
338,EGC5013-01,마케팅 에스노그라피와 빅데이터 기반 디자인씽킹,이수현,True
339,EGC5018-01,색채와 과학,홍성규,False
340,EGC5021-01,레트로 동아시아의 건축공간과 신화,이석주,False
341,EGC5024-01,미래기술문명사회에서 호모루덴스들의 놀이여행,장미란,False
342,EGC5025-01,말은 마음이 지은 집,윤영도,False
343,EGC5027-01,콘텐츠 기획을 위한 스토리텔링,김세연,False
344,EGC5029-01,도시에서 생태적으로 살아가기,오충현,False
345,EGC5030-01,융합콘텐츠산업과 캐릭터,이영숙,False
346,EGC5033-01,데이터프로그래밍기초와실습,강지호,False
347,EGC5033-02,데이터프로그래밍기초와실습,백순욱,False
348,EGC5035-01,테마로읽는몸과세계,정윤길,False
349,EGC5037-01,AI시대의인간관계와감정탐구,임윤서,False
350,EGC5038-01,"매체를통한소통,사고를디자인하다",정윤길,False
351,EGC5039-01,행복인터뷰와자기서사의테크네,문경연,False
352,EGC5040-01,삼국유사와문화콘텐츠,곽미라,False
353,EGC5041-01,AI·사랑·혐오,이석주,False
354,EGC5042-01,디지털붓다와의대화,장미란,False
355,EGC5043-01,"디지털전환시대,삶의변화와불교휴머니티",장미란,False
356,EGC5045-01,소셜이노베이션을위한질적데이터분석실습(캡스톤디자인),이수현,False
357,EGC9018-01,디지털기술과미래역량,한송이,False
358,GCR4004-01,종교와과학,한수진(淡供行),False
359,CJC2001-01,형사사법학입문,최응렬,False
360,CJC2005-01,통계학개론,이창배,False
361,CJC2006-01,전공탐색,조윤오,False
362,DUF2005-01,IntroductiontoLegalStudies,김형구,False
363,DUF2005-02,IntroductiontoLegalStudies,김형구,False
364,SSC2001-01,정치학개론,박명호,False
365,SSC2001-02,정치학개론,최위정,False
366,SSC2001-03,정치학개론,진유정,False
367,SSC2001-04,정치학개론,김민수,False
368,SSC2001-05,정치학개론,서창훈,False
369,SSC2003-01,사회학개론,김원태,False
370,SSC2003-02,사회학개론,허윤정,False
371,SSC2003-03,사회학개론,허윤정,False
372,SSC2004-01,행정학개론,주창범,False
373,SSC2004-02,행정학개론,채성만,False
374,SSC2008-01,국제통상의이해,이은화,False
375,SSC2008-02,국제통상의이해,이은화,False
376,TSF2005-01,사회복지학개론,송영매,False
377,RGC0003-01,불교와인간,조법훈,False
378,RGC0003-02,불교와인간,강기선(도업),False
379,RGC0003-03,불교와인간,명계환,False
380,RGC0003-04,불교와인간,이호경,False
381,RGC0003-05,불교와인간,고영섭,False
382,RGC0003-06,불교와인간,이민성,False
383,RGC0003-07,불교와인간,박대용(동광),False
384,RGC0003-08,불교와인간,명계환,False
385,RGC0003-09,불교와인간,이호경,False
386,RGC0003-10,불교와인간,임윤경(석도),False
387,RGC0003-11,불교와인간,홍나연,False
388,RGC0003-12,불교와인간,김은영,False
389,RGC0003-13,불교와인간,장성우,False
390,RGC0003-14,불교와인간,문진영(정천),False
391,RGC0003-15,불교와인간,오명지,False
392,RGC0003-16,불교와인간,조종복,False
393,RGC0003-17,불교와인간,지창규(명원),False
394,RGC0003-18,불교와인간,고영섭,False
395,RGC0003-19,불교와인간,이태영,False
396,RGC0003-20,불교와인간,이태영,False
397,RGC0003-21,불교와인간,강기선(도업),False
398,RGC0003-22,불교와인간,김지연(묘련화),False
399,RGC0003-23,불교와인간,김수진,False
400,RGC0003-24,불교와인간,김두진,False
401,RGC0003-25,불교와인간,권순범,False
402,RGC0003-26,불교와인간,권택규(정선(正善)),False
403,RGC0003-31,불교와인간,전민지,False
404,RGC0003-32,불교와인간,서정원(향원),False
405,RGC0003-33,불교와인간,권정현(자헌),False
406,RGC0003-34,불교와인간,양현희,False
407,RGC0003-35,불교와인간,한수진(淡供行),False
408,RGC0003-36,불교와인간,오진영(은섬),False
409,RGC0003-37,불교와인간,이석환,False
410,RGC0003-38,불교와인간,전효진(진관),False
411,RGC0003-39,불교와인간,박대용(동광),False
412,RGC0003-40,불교와인간,김수진,False
413,RGC0017-01,자아와명상1,이동하(동하),False
414,RGC0017-02,자아와명상1,김종욱(원충),False
415,RGC0017-03,자아와명상1,김수덕(서암),False
416,RGC0017-04,자아와명상1,신둘연(현봉),False
417,RGC0017-05,자아와명상1,이견명(견명),False
418,RGC0017-06,자아와명상1,천윤성(윤성),False
419,RGC0017-07,자아와명상1,김흥빈(지광),False
420,RGC0017-08,자아와명상1,장완순(행범),False
421,RGC0017-09,자아와명상1,장완순(행범),False
422,RGC0017-10,자아와명상1,공숙자(보희),False
423,RGC0017-11,자아와명상1,정주영(효림),False
424,RGC0017-16,자아와명상1,김수덕(서암),False
425,RGC0018-01,자아와명상2,조서호(법명),False
426,RGC0018-02,자아와명상2,하영수(진본),False
427,RGC0018-03,자아와명상2,이동하(동하),False
428,RGC0018-04,자아와명상2,조서호(법명),False
429,RGC0018-05,자아와명상2,하영수(진본),False
430,RGC0018-06,자아와명상2,이동하(동하),False
431,RGC0018-07,자아와명상2,조서호(법명),False
432,RGC0018-08,자아와명상2,하영수(진본),False
433,RGC0018-09,자아와명상2,이동하(동하),False
434,RGC0018-10,자아와명상2,김종욱(원충),False
435,RGC0018-11,자아와명상2,이동하(동하),False
436,RGC0018-12,자아와명상2,김종욱(원충),False
437,RGC0018-13,자아와명상2,조서호(법명),False
438,RGC0018-14,자아와명상2,신둘연(현봉),False
439,RGC0018-15,자아와명상2,김근행(원상),False
440,RGC0018-16,자아와명상2,정주영(효림),False
441,RGC0018-17,자아와명상2,김수덕(서암),False
442,RGC0018-18,자아와명상2,하영수(진본),False
443,RGC0018-19,자아와명상2,신둘연(현봉),False
444,RGC0018-20,자아와명상2,김수덕(서암),False
445,RGC0018-21,자아와명상2,하영수(진본),False
446,RGC0018-22,자아와명상2,신둘연(현봉),False
447,RGC0018-23,자아와명상2,신둘연(현봉),False
448,RGC0018-24,자아와명상2,김창하(청목),False
449,RGC0018-25,자아와명상2,홍영길(정헌),False
450,RGC0018-26,자아와명상2,정주영(효림),False
451,RGC0018-27,자아와명상2,김창하(청목),False
452,RGC0018-28,자아와명상2,정주영(효림),False
453,RGC0018-29,자아와명상2,김근행(원상),False
454,RGC0018-30,자아와명상2,이견명(견명),False
455,RGC0018-31,자아와명상2,홍영길(정헌),False
456,RGC0018-32,자아와명상2,김근행(원상),False
457,RGC0018-33,자아와명상2,이견명(견명),False
458,RGC0018-34,자아와명상2,홍영길(정헌),False
459,RGC0018-35,자아와명상2,김근행(원상),False
460,RGC0018-36,자아와명상2,홍영길(정헌),False
461,RGC0018-37,자아와명상2,천윤성(윤성),False
462,RGC0018-38,자아와명상2,홍영길(정헌),False
463,RGC0018-39,자아와명상2,천윤성(윤성),False
464,RGC0018-40,자아와명상2,홍영길(정헌),False
465,RGC0018-41,자아와명상2,이견명(견명),False
466,RGC0018-42,자아와명상2,김창하(청목),False
467,RGC0018-43,자아와명상2,김흥빈(지광),False
468,RGC0018-44,자아와명상2,이견명(견명),False
469,RGC0018-45,자아와명상2,김흥빈(지광),False
470,RGC0018-46,자아와명상2,이견명(견명),False
471,RGC0018-47,자아와명상2,장완순(행범),False
472,RGC0018-48,자아와명상2,이병진(덕림),False
473,RGC0018-49,자아와명상2,장완순(행범),False
474,RGC0018-50,자아와명상2,이병진(덕림),False
475,RGC0018-51,자아와명상2,공숙자(보희),False
476,RGC0018-52,자아와명상2,공숙자(보희),False
477,RGC0018-53,자아와명상2,김흥빈(지광),False
478,RGC0018-55,자아와명상2,공숙자(보희),False
479,RGC0018-56,자아와명상2,공숙자(보희),False
480,RGC0018-57,자아와명상2,정주영(효림),False
481,RGC0018-58,자아와명상2,김근행(원상),False
482,RGC0018-59,자아와명상2,정주영(효림),False
483,RGC0018-60,자아와명상2,장완순(행범),False
484,RGC0018-61,자아와명상2,공숙자(보희),False
485,RGC1074-01,커리어 디자인,이소은,False
486,RGC1074-02,커리어 디자인,이준일,False
487,RGC1074-03,커리어 디자인,이소은,False
488,RGC1074-04,커리어 디자인,문재영,False
489,RGC1074-05,커리어 디자인,우혜인,False
490,RGC1074-06,커리어 디자인,우혜인,False
491,RGC1074-07,커리어 디자인,심태은,False
492,RGC1074-08,커리어 디자인,송혜령,False
493,RGC1074-09,커리어 디자인,김수현,False
494,RGC1074-10,커리어 디자인,박소연,False
495,RGC1074-11,커리어 디자인,송혜령,False
496,RGC1074-12,커리어 디자인,박소연,False
497,RGC1074-13,커리어 디자인,이준일,False
498,RGC1074-14,커리어 디자인,박소연,False
499,RGC1074-15,커리어 디자인,박소연,False
500,RGC1074-16,커리어 디자인,송혜령,False
501,RGC1074-17,커리어 디자인,김수현,False
502,RGC1074-18,커리어 디자인,문재영,False
503,RGC1074-19,커리어 디자인,강창호,False
504,RGC1074-20,커리어 디자인,강창호,False
505,RGC1074-21,커리어 디자인,강창호,False
506,RGC1074-22,커리어 디자인,이준일,False
507,RGC1074-23,커리어 디자인,이준일,False
508,RGC1074-24,커리어 디자인,송혜령,False
509,RGC1002-01,"소통,미디어,윤리",정수진,False
510,RGC1002-02,"소통,미디어,윤리",정수진,False
511,RGC1002-03,"소통,미디어,윤리",정수진,False
512,RGC1004-01,다문화사회의삶,임세화,False
513,RGC1004-02,다문화사회의삶,서은숙,False
514,RGC1004-03,다문화사회의삶,신현탁,False
515,RGC1005-01,"사랑,우정,관용",박연희,False
516,RGC1005-02,"사랑,우정,관용",박연희,False
517,RGC1005-03,"사랑,우정,관용",박연희,False
518,RGC1006-01,민주주의와시장경제,최위정,False
519,RGC1006-02,민주주의와시장경제,최위정,False
520,RGC1006-03,민주주의와시장경제,최위정,False
521,RGC0005-01,기술보고서작성및발표,오명원,False
522,RGC0005-02,기술보고서작성및발표,최현경,False
523,RGC0005-03,기술보고서작성및발표,오명원,False
524,RGC0005-04,기술보고서작성및발표,이재섭,False
525,RGC0005-05,기술보고서작성및발표,전용덕,False
526,RGC0005-06,기술보고서작성및발표,최수진,False
527,RGC0005-07,기술보고서작성및발표,전용덕,False
528,RGC0005-09,기술보고서작성및발표,최수진,False
529,RGC0005-11,기술보고서작성및발표,오명원,False
530,RGC1063-01,외국인을위한대학글쓰기,전영주,False
531,RGC1063-02,외국인을위한대학글쓰기,김은석,False
532,RGC1063-03,외국인을위한대학글쓰기,남궁윤,False
533,RGC1064-01,디지털시대의글쓰기,남진숙,False
534,RGC1064-02,디지털시대의글쓰기,이유기,False
535,RGC1064-03,디지털시대의글쓰기,하성란,False
536,RGC1064-04,디지털시대의글쓰기,김지오,False
537,RGC1064-05,디지털시대의글쓰기,김지오,False
538,RGC1064-06,디지털시대의글쓰기,이은정,False
539,RGC1064-07,디지털시대의글쓰기,이은정,False
540,RGC1064-08,디지털시대의글쓰기,정지아,False
541,RGC1064-09,디지털시대의글쓰기,김윤경,False
542,RGC1064-10,디지털시대의글쓰기,김윤경,False
543,RGC1064-11,디지털시대의글쓰기,김윤경,False
544,RGC1064-12,디지털시대의글쓰기,김지오,False
545,RGC1064-13,디지털시대의글쓰기,남진숙,False
546,RGC1064-14,디지털시대의글쓰기,김세연,False
547,RGC1064-15,디지털시대의글쓰기,심혜경,False
548,RGC1064-16,디지털시대의글쓰기,심혜경,False
549,RGC1064-17,디지털시대의글쓰기,이주영,False
550,RGC1064-18,디지털시대의글쓰기,전영주,False
551,RGC1064-19,디지털시대의글쓰기,김문정,False
552,RGC1064-20,디지털시대의글쓰기,남진숙,False
553,RGC1064-21,디지털시대의글쓰기,이은정,False
554,RGC1064-22,디지털시대의글쓰기,이유기,False
555,RGC1064-23,디지털시대의글쓰기,이유기,False
556,RGC1064-24,디지털시대의글쓰기,곽미라,False
557,RGC1064-25,디지털시대의글쓰기,이은정,False
558,RGC1064-26,디지털시대의글쓰기,김은석,False
559,RGC1064-27,디지털시대의글쓰기,오리사,False
560,RGC1064-28,디지털시대의글쓰기,이유기,False
561,RGC1064-29,디지털시대의글쓰기,장상지,False
562,RGC1064-30,디지털시대의글쓰기,장영섭,False
563,RGC1014-01,지혜와자비명작세미나,서정원,False
564,RGC1014-02,지혜와자비명작세미나,김성옥,False
565,RGC1014-03,지혜와자비명작세미나,김은영,False
566,RGC1014-04,지혜와자비명작세미나,권순범,False
567,RGC1014-05,지혜와자비명작세미나,김성옥,False
568,RGC1014-06,지혜와자비명작세미나,김은영,False
569,RGC1014-07,지혜와자비명작세미나,전효진,False
570,RGC1014-08,지혜와자비명작세미나,김성옥,False
571,RGC1014-09,지혜와자비명작세미나,이범수,False
572,RGC1014-10,지혜와자비명작세미나,전효진,False
573,RGC1014-11,지혜와자비명작세미나,김성옥,False
574,RGC1014-12,지혜와자비명작세미나,이범수,False
575,RGC1014-13,지혜와자비명작세미나,김호귀,False
576,RGC1014-14,지혜와자비명작세미나,전민지,False
577,RGC1014-15,지혜와자비명작세미나,김호귀,False
578,RGC1014-16,지혜와자비명작세미나,전민지,False
579,RGC1014-17,지혜와자비명작세미나,장미란,False
580,RGC1014-18,지혜와자비명작세미나,오명지,False
581,RGC1014-19,지혜와자비명작세미나,김용태,False
582,RGC1014-20,지혜와자비명작세미나,한수진,False
583,RGC1014-21,지혜와자비명작세미나,오명지,False
584,RGC1010-01,존재와역사명작세미나,손윤락,False
585,RGC1010-02,존재와역사명작세미나,손윤락,False
586,RGC1010-03,존재와역사명작세미나,장운혁,False
587,RGC1010-04,존재와역사명작세미나,박민미,False
588,RGC1010-05,존재와역사명작세미나,박연주,False
589,RGC1010-06,존재와역사명작세미나,임경준,False
590,RGC1010-07,존재와역사명작세미나,심인보,False
591,RGC1010-08,존재와역사명작세미나,이석주,False
592,RGC1010-09,존재와역사명작세미나,박연주,False
593,RGC1010-10,존재와역사명작세미나,이석주,False
594,RGC1010-11,존재와역사명작세미나,심인보,False
595,RGC1010-12,존재와역사명작세미나,이미정,False
596,RGC1010-13,존재와역사명작세미나,손윤락,False
597,RGC1010-14,존재와역사명작세미나,심인보,False
598,RGC1010-15,존재와역사명작세미나,황인욱,False
599,RGC1010-16,존재와역사명작세미나,심인보,False
600,RGC1010-17,존재와역사명작세미나,배윤경,False
601,RGC1010-18,존재와역사명작세미나,이석주,False
602,RGC1010-19,존재와역사명작세미나,장운혁,False
603,RGC1011-01,경제와사회명작세미나,이광근,False
604,RGC1011-02,경제와사회명작세미나,김승연,False
605,RGC1011-03,경제와사회명작세미나,이광근,False
606,RGC1011-04,경제와사회명작세미나,김승연,False
607,RGC1011-05,경제와사회명작세미나,신현탁,False
608,RGC1011-06,경제와사회명작세미나,이광근,False
609,RGC1011-07,경제와사회명작세미나,이상호,False
610,RGC1011-08,경제와사회명작세미나,김승연,False
611,RGC1011-09,경제와사회명작세미나,이광근,False
612,RGC1011-10,경제와사회명작세미나,이상호,False
613,RGC1011-11,경제와사회명작세미나,박연진,False
614,RGC1011-12,경제와사회명작세미나,김철용,False
615,RGC1011-13,경제와사회명작세미나,김승연,False
616,RGC1011-14,경제와사회명작세미나,이상호,False
617,RGC1011-15,경제와사회명작세미나,김한창,False
618,RGC1011-16,경제와사회명작세미나,신현탁,False
619,RGC1012-01,자연과기술명작세미나,유보영,False
620,RGC1012-02,자연과기술명작세미나,유보영,False
621,RGC1012-03,자연과기술명작세미나,강윤재,False
622,RGC1012-04,자연과기술명작세미나,한광희,False
623,RGC1012-05,자연과기술명작세미나,손향구,False
624,RGC1012-06,자연과기술명작세미나,강윤재,False
625,RGC1012-07,자연과기술명작세미나,김지연,False
626,RGC1012-08,자연과기술명작세미나,김지연,False
627,RGC1012-10,자연과기술명작세미나,강윤재,False
628,RGC1012-11,자연과기술명작세미나,손향구,False
629,RGC1012-12,자연과기술명작세미나,손향구,False
630,RGC1012-13,자연과기술명작세미나,민수홍,False
631,RGC1012-14,자연과기술명작세미나,강윤재,False
632,RGC1012-15,자연과기술명작세미나,손향구,False
633,RGC1012-16,자연과기술명작세미나,한광희,False
634,RGC1012-17,자연과기술명작세미나,민수홍,False
635,RGC1012-18,자연과기술명작세미나,이태희,False
636,RGC1012-19,자연과기술명작세미나,이태희,False
637,RGC1013-01,문화와예술명작세미나,서희원,False
638,RGC1013-02,문화와예술명작세미나,문경연,False
639,RGC1013-03,문화와예술명작세미나,최현숙,False
640,RGC1013-04,문화와예술명작세미나,신덕용,False
641,RGC1013-05,문화와예술명작세미나,서희원,False
642,RGC1013-06,문화와예술명작세미나,문경연,False
643,RGC1013-07,문화와예술명작세미나,정윤길,False
644,RGC1013-08,문화와예술명작세미나,신덕용,False
645,RGC1013-09,문화와예술명작세미나,최현숙,False
646,RGC1013-10,문화와예술명작세미나,정윤길,False
647,RGC1013-11,문화와예술명작세미나,서희원,False
648,RGC1013-12,문화와예술명작세미나,문경연,False
649,RGC1013-13,문화와예술명작세미나,이난희,False
650,RGC1013-14,문화와예술명작세미나,허병식,False
651,RGC1013-15,문화와예술명작세미나,김지희,False
652,RGC1013-16,문화와예술명작세미나,허병식,False
653,RGC1013-17,문화와예술명작세미나,정윤길,False
654,RGC1013-18,문화와예술명작세미나,최현숙,False
655,RGC1013-19,문화와예술명작세미나,정영효,False
656,RGC1050-01,소셜앙트레프레너십과리더십,성창수,True
657,RGC1050-02,소셜앙트레프레너십과리더십,성창수,True
658,RGC1050-03,소셜앙트레프레너십과리더십,심태은,True
659,RGC1051-01,글로벌앙트레프레너십과리더십,심태은,True
660,RGC1051-02,글로벌앙트레프레너십과리더십,성창수,True
661,RGC1051-03,글로벌앙트레프레너십과리더십,성창수,True
662,RGC1052-01,테크노앙트레프레너십과리더십,성창수,True
663,RGC1052-02,테크노앙트레프레너십과리더십,심태은,True
664,RGC1052-03,테크노앙트레프레너십과리더십,심태은,True
665,RGC1075-01,아시아의사회와문화,최지수,False
666,RGC1075-02,아시아의사회와문화,최지수,False
667,RGC1075-03,아시아의사회와문화,최경아,False
668,RGC1075-04,아시아의사회와문화,최경아,False
669,RGC1075-05,아시아의사회와문화,배윤경,False
670,RGC1076-01,아메리카의사회와문화,윤영도,False
671,RGC1076-02,아메리카의사회와문화,윤영도,False
672,RGC1076-03,아메리카의사회와문화,김재준,False
673,RGC1076-04,아메리카의사회와문화,김재준,False
674,RGC1076-05,아메리카의사회와문화,남진희,False
675,RGC1076-06,아메리카의사회와문화,남진희,False
676,RGC1077-01,유럽의사회와문화,홍웅호,False
677,RGC1077-02,유럽의사회와문화,봉일원,False
678,RGC1077-03,유럽의사회와문화,봉일원,False
679,RGC1077-04,유럽의사회와문화,이상욱,False
680,RGC1077-05,유럽의사회와문화,봉일원,False
681,RGC1078-01,아프리카의사회와문화,김유원,False
682,RGC1078-02,아프리카의사회와문화,김유원,False
683,RGC1030-01,BasicEAS,손윤희,False
684,RGC1030-02,BasicEAS,이난희,False
685,RGC1030-03,BasicEAS,안삼경,False
686,RGC1030-04,BasicEAS,김가희,False
687,RGC1030-05,BasicEAS,김종갑,False
688,RGC1030-06,BasicEAS,김민서,False
689,RGC1080-01,EAS1,브라이언킨,False
690,RGC1080-02,EAS1,제프벨리,False
691,RGC1080-03,EAS1,브라이언킨,False
692,RGC1080-05,EAS1,폴로저스,False
693,RGC1080-06,EAS1,데이린프롤리,False
694,RGC1080-07,EAS1,제프벨리,False
695,RGC1080-08,EAS1,캐서린무어,False
696,RGC1080-10,EAS1,소컴켕,False
697,RGC1080-13,EAS1,브라이언오라스,False
698,RGC1080-15,EAS1,소컴켕,False
699,RGC1080-16,EAS1,소컴켕,False
700,RGC1080-17,EAS1,제프벨리,False
701,RGC1080-19,EAS1,브라이언오라스,False
702,RGC1080-20,EAS1,제프리조단,False
703,RGC1080-22,EAS1,제프리조단,False
704,RGC1080-23,EAS1,소컴켕,False
705,RGC1080-24,EAS1,폴로저스,False
706,RGC1080-25,EAS1,캐서린무어,False
707,RGC1080-27,EAS1,폴로저스,False
708,RGC1080-31,EAS1,쟌아다마,False
709,RGC1080-32,EAS1,캐서린무어,False
710,RGC1080-33,EAS1,소컴켕,False
711,RGC1080-34,EAS1,찰스크로이터,False
712,RGC1080-36,EAS1,브라이언오라스,False
713,RGC1080-37,EAS1,에린오카모토,False
714,RGC1080-38,EAS1,제프리조단,False
715,RGC1080-39,EAS1,에린오카모토,False
716,RGC1081-01,EAS2,쟌아다마,False
717,RGC1081-02,EAS2,제이미커크,False
718,RGC1081-10,EAS2,캐서린무어,False
720,RGC1081-101,EAS2,사무엘맥도널드,False
721,RGC1081-102,EAS2,정효진,False
722,RGC1081-103,EAS2,김명숙,False
723,RGC1081-104,EAS2,브라이언킨,False
724,RGC1081-105,EAS2,사무엘맥도널드,False
725,RGC1081-106,EAS2,바트서플,False
726,RGC1081-107,EAS2,정효진,False
727,RGC1081-108,EAS2,데이린프롤리,False
728,RGC1081-109,EAS2,브라이언오라스,False
730,RGC1081-111,EAS2,김명숙,False
731,RGC1081-112,EAS2,정효진,False
733,RGC1081-114,EAS2,캐서린무어,False
734,RGC1081-115,EAS2,사무엘오스틴,False
735,RGC1081-116,EAS2,스티븐쿤스,False
736,RGC1081-117,EAS2,패트릭,False
737,RGC1081-118,EAS2,사무엘오스틴,False
738,RGC1081-119,EAS2,게럿파월,False
739,RGC1081-12,EAS2,캐서린무어,False
741,RGC1081-121,EAS2,크레이그블리스,False
742,RGC1081-123,EAS2,브라이언오라스,False
743,RGC1081-124,EAS2,크레이그블리스,False
744,RGC1081-125,EAS2,정효진,False
745,RGC1081-127,EAS2,쟌아다마,False
746,RGC1081-128,EAS2,에린오카모토,False
747,RGC1081-129,EAS2,패트릭,False
748,RGC1081-13,EAS2,사무엘맥도널드,False
749,RGC1081-130,EAS2,정효진,False
750,RGC1081-131,EAS2,사무엘맥도널드,False
751,RGC1081-132,EAS2,패트릭,False
752,RGC1081-133,EAS2,김명숙,False
753,RGC1081-134,EAS2,크레이그블리스,False
754,RGC1081-135,EAS2,김명숙,False
755,RGC1081-136,EAS2,에이미우,False
756,RGC1081-137,EAS2,찰스크로이터,False
757,RGC1081-138,EAS2,데미안,False
758,RGC1081-139,EAS2,김명숙,False
759,RGC1081-140,EAS2,브라이언킨,False
760,RGC1081-141,EAS2,에린오카모토,False
761,RGC1081-142,EAS2,에이미우,False
762,RGC1081-143,EAS2,벤윌리스,False
763,RGC1081-144,EAS2,사무엘오스틴,False
764,RGC1081-145,EAS2,사무엘오스틴,False
765,RGC1081-146,EAS2,에린오카모토,False
766,RGC1081-147,EAS2,바트서플,False
767,RGC1081-148,EAS2,바트서플,False
768,RGC1081-149,EAS2,캐서린무어,False
769,RGC1081-15,EAS2,데이린프롤리,False
770,RGC1081-150,EAS2,브라이언오라스,False
771,RGC1081-16,EAS2,사무엘맥도널드,False
772,RGC1081-17,EAS2,에린오카모토,False
773,RGC1081-18,EAS2,션커멘,False
774,RGC1081-19,EAS2,찰스크로이터,False
775,RGC1081-20,EAS2,벤윌리스,False
779,RGC1081-24,EAS2,게럿파월,False
780,RGC1081-26,EAS2,소컴켕,False
781,RGC1081-27,EAS2,김명숙,False
782,RGC1081-29,EAS2,사무엘오스틴,False
783,RGC1081-31,EAS2,데이린프롤리,False
784,RGC1081-32,EAS2,션커멘,False
786,RGC1081-34,EAS2,사무엘오스틴,False
787,RGC1081-35,EAS2,키아란피에차카,False
788,RGC1081-36,EAS2,찰스크로이터,False
789,RGC1081-37,EAS2,사무엘맥도널드,False
790,RGC1081-38,EAS2,마이클오코넬,False
791,RGC1081-39,EAS2,데런크레인,False
792,RGC1081-4,EAS2,캐서린무어,False
793,RGC1081-40,EAS2,제프리조단,False
794,RGC1081-41,EAS2,에이미우,False
795,RGC1081-42,EAS2,크레이그블리스,False
796,RGC1081-43,EAS2,크레이그블리스,False
797,RGC1081-44,EAS2,패트릭,False
798,RGC1081-45,EAS2,사무엘맥도널드,False
799,RGC1081-47,EAS2,제이미커크,False
800,RGC1081-48,EAS2,데이린프롤리,False
801,RGC1081-49,EAS2,패트릭,False
802,RGC1081-5,EAS2,데미안,False
803,RGC1081-50,EAS2,제이미커크,False
804,RGC1081-52,EAS2,찰스크로이터,False
805,RGC1081-53,EAS2,데미안,False
806,RGC1081-54,EAS2,에린오카모토,False
807,RGC1081-55,EAS2,데런크레인,False
808,RGC1081-56,EAS2,게럿파월,False
809,RGC1081-57,EAS2,션커멘,False
811,RGC1081-59,EAS2,제이미커크,False
812,RGC1081-6,EAS2,키아란피에차카,False
813,RGC1081-60,EAS2,바트서플,False
814,RGC1081-61,EAS2,게럿파월,False
815,RGC1081-62,EAS2,션커멘,False
817,RGC1081-64,EAS2,바트서플,False
818,RGC1081-65,EAS2,크레이그블리스,False
820,RGC1081-67,EAS2,션커멘,False
822,RGC1081-69,EAS2,데미안,False
823,RGC1081-70,EAS2,데런크레인,False
825,RGC1081-73,EAS2,벤윌리스,False
826,RGC1081-76,EAS2,벤윌리스,False
829,RGC1081-8,EAS2,데미안,False
830,RGC1081-80,EAS2,제이미커크,False
831,RGC1081-81,EAS2,사무엘맥도널드,False
832,RGC1081-82,EAS2,마이클오코넬,False
833,RGC1081-83,EAS2,게럿파월,False
834,RGC1081-85,EAS2,키아란피에차카,False
835,RGC1081-87,EAS2,제프리조단,False
836,RGC1081-88,EAS2,마이클오코넬,False
837,RGC1081-89,EAS2,마이클오코넬,False
838,RGC1081-9,EAS2,마이클오코넬,False
839,RGC1081-91,EAS2,패트릭,False
840,RGC1081-92,EAS2,마이클오코넬,False
841,RGC1081-93,EAS2,게럿파월,False
842,RGC1081-95,EAS2,션커멘,False
843,RGC1081-96,EAS2,크레이그블리스,False
844,RGC1081-97,EAS2,크레이그블리스,False
845,RGC1081-98,EAS2,제프리조단,False
846,RGC1081-99,EAS2,제이미커크,False
847,RGC6004-01,한국사회의이슈,정군기,False
848,RGC8005-01,한국의역사와전통,정성인,False
849,RGC8006-01,한국명작의이해,정성인,False
850,RGC8007-01,한중텍스트소통,임미주,False
851,RGC8008-01,한국대중문화이해,성진수,False
852,RGC1041-01,컴퓨팅사고,이명숙,False
853,RGC1041-02,컴퓨팅사고,이명숙,False
854,RGC1041-03,컴퓨팅사고,이명숙,False
855,RGC1041-04,컴퓨팅사고,백순욱,False
856,RGC1041-05,컴퓨팅사고,황경민,False
857,RGC1041-06,컴퓨팅사고,이명숙,False
858,RGC1042-01,프로그래밍입문,김민경,False
859,RGC1042-02,프로그래밍입문,정대원,False
860,RGC1042-03,프로그래밍입문,양문자,False
861,RGC1042-04,프로그래밍입문,양문자,False
862,RGC1043-01,자율사물입문,곽문규,True
863,RGC1046-01,인공지능과 미래사회,최성연,True
864,RGC1046-02,인공지능과 미래사회,최성연,True
865,RGC1046-03,인공지능과 미래사회,최성연,True
866,RGC1070-01,미래인간과 위험사회,정윤길,False
867,RGC1070-02,미래인간과 위험사회,최진범,False
868,RGC1071-01,시장경제와 위험사회,이상호,False
869,RGC1071-02,시장경제와 위험사회,김두식,False
870,RGC1072-02,과학기술과 위험사회,강윤재,False
871,RGC1073-01,미래환경과 위험사회,남진숙,False
872,RGC1073-02,미래환경과 위험사회,고은선,False
873,RGC8010-01,대학한국어Ⅰ(발표와토론),최은경,False
874,RGC8010-02,대학한국어Ⅰ(발표와토론),조영미,False
875,RGC8010-03,대학한국어Ⅰ(발표와토론),황혜란,False
876,RGC8011-01,대학한국어Ⅰ(독해와작문),최은경,False
877,RGC8011-02,대학한국어Ⅰ(독해와작문),권미경,False
878,RGC8011-03,대학한국어Ⅰ(독해와작문),조영미,False
879,RGC8012-01,대학한국어Ⅱ(발표와토론),최은경,False
880,RGC8012-02,대학한국어Ⅱ(발표와토론),이경애,False
881,RGC8012-03,대학한국어Ⅱ(발표와토론),권미경,False
882,RGC8013-01,대학한국어Ⅱ(독해와작문),최은경,False
883,RGC8013-02,대학한국어Ⅱ(독해와작문),최은경,False
884,RGC8013-03,대학한국어Ⅱ(독해와작문),권미경,False
885,RGC8014-01,한국의법과정치,심민석,False
886,RGC8014-02,한국의법과정치,심민석,False
887,RGC8015-01,한국의경제와경영,민윤지,False
888,RGC8015-02,한국의경제와경영,민윤지,False
889,RGC8016-01,수학과통계의이해,이영운,False
890,RGC8016-02,수학과통계의이해,이영운,False
891,RGC8017-01,과학기술의이해,이영운,False
892,RGC8017-02,과학기술의이해,이영운,False
893,RGC8018-01,글로벌한국문화,김종일,False
894,RGC8018-02,글로벌한국문화,김종일,False
895,RGC8018-03,글로벌한국문화,김종일,False
896,ACG2003-01,세무입문,홍영도,False
897,ACG2005-01,중급회계1,정갑수,False
898,ACG2005-02,중급회계1,정갑수,False
899,ACG2005-03,중급회계1,정갑수,False
900,ACG2005-04,중급회계1,김주원,False
901,ACG2007-01,재무회계,박청규,False
902,ACG2007-02,재무회계,박청규,False
903,ACG2007-03,재무회계,권혁진,False
904,ACG2007-04,재무회계,장순택,False
905,ACG2012-01,원가·관리회계입문,노영래,False
906,ACG2013-01,상법1,배승욱,False
907,ACG2013-02,상법1,배승욱,False
908,ACG2014-01,회계와경제1,김상기,False
909,ACG2015-01,회계와경제2,장순택,False
910,ACG2016-01,회계데이터애널리틱스,유현수,False
911,ACS2001-01,공간과디자인,양경열,False
912,ACS2001-02,공간과디자인,정유미,False
913,ACS2004-01,연기2,황준혁,False
914,ACS2004-02,연기2,송선미,False
915,ACS2004-03,연기2,이종민,False
916,ACS2004-04,연기2,방수미,False
917,ACS2004-05,연기2,이지은,False
918,ACS2004-06,연기2,권지혜,False
919,ACS2005-01,영상제작과정의이해,손민영,False
920,ACS2005-02,영상제작과정의이해,손민영,False
921,ACS2005-03,영상제작과정의이해,정군,False
922,ACS2008-01,한국음악개론2,윤소희,False
923,ADV2003-01,광고심리와소비자행동,조형오,False
924,ADV2003-02,광고심리와소비자행동,조형오,False
925,ADV2005-01,뉴미디어와광고,최영균,False
926,ADV2006-01,홍보학개론,이철한,False
927,ADV2010-01,광고아이디어발상법,박정석,False
928,ADV2017-01,광고와브랜드커뮤니케이션전략입문,김봉현,False
929,ADV2018-01,광고학개론,최영균,False
930,ADV2019-01,프로젝트기반광고연습,손배호,False
931,AIB2001-01,인공지능기초수학,장혜령,False
932,AIC2003-01,데이터사이언스개론,이우진,False
933,AIC2005-01,인공지능개론,김지희,False
934,AIC2011-01,AI콘텐츠융합개론,조경은,False
935,AID2002-01,통계이론2,김광일,False
936,AID2003-01,회귀분석,임상수,False
937,AID2004-01,데이터마이닝,이우진,False
938,AIE2010-01,기초융합프로젝트2,황주선,False
939,ARC2017-01,건축구조,박관순,False
940,ARC2018-01,건설시공및공법1,이재섭,False
941,ARC2022-01,건축공학기초설계,성은희,False
942,ARC2023-01,건축재료실험,전용덕,False
943,ARC2025-01,건축빛및음환경공학,양인호,False
944,ARC2027-01,건축구조역학1,박관순,False
945,ARC2028-01,건축응용수치해석,박관순,False
946,ARD2003-02,건축그래픽스,김일석,False
947,ARD2003-03,건축그래픽스,정성철,False
948,ARD2011-01,건축개론,백용운,False
949,ARD2019-01,서양건축사,김정아,False
950,ARD2020-01,건축설계입문,황영미,False
951,ARD2020-02,건축설계입문,문봉호,False
952,ARD2020-03,건축설계입문,백성진,False
953,ARD2020-04,건축설계입문,최민기,False
954,ARD2021-01,건축기술과LAB,황광범,False
955,ASI2008-01,입체공연음향제작실습2,김영민,False
956,ASW2004-01,어드벤처디자인,정진우,False
957,ASW2004-02,어드벤처디자인,신연순,False
958,ASW2004-03,어드벤처디자인,석문기,False
959,ASW2004-04,어드벤처디자인,조성인,False
960,ASW2004-05,어드벤처디자인,장혜령,False
961,ASW2006-01,알고리즘,이강만,False
962,ASW2006-02,알고리즘,장혜령,False
963,ASW2007-01,프로그래밍기초,김경자,False
964,ASW2007-02,프로그래밍기초,김신우,False
965,ASW2007-03,프로그래밍기초,김경아,False
966,ASW2007-04,프로그래밍기초,김경아,False
967,ASW2007-05,프로그래밍기초,윤인식,False
968,ASW2007-06,프로그래밍기초,유한하,False
969,ASW2008-01,심화프로그래밍,윤성림,False
970,ASW2008-02,심화프로그래밍,박재철,False
971,ASW2009-01,객체지향프로그래밍,석문기,False
972,ASW2009-02,객체지향프로그래밍,박재철,False
973,ASW2009-03,객체지향프로그래밍,한인,False
974,ASW2009-04,객체지향프로그래밍,한인,False
975,ASW2009-05,객체지향프로그래밍,신인수,False
976,ASW2010-01,융합기초프로그래밍,윤인식,False
977,BES2002-01,바이오환경과학2,조시경,False
978,BES2007-01,바이오환경산업,윤화영,False
979,BES2009-01,생물재료물성학,김대영,False
980,BES2015-01,환경계획학캡스톤디자인,오충현,False
981,BES2017-01,연구논문지도2,이상용,False
982,BES2018-01,바이오환경과학진로탐구,김극태,False
983,BES2021-01,불교와나무,김대영,False
984,BES2022-01,에너지학개론,강규영,False
985,BIO2011-01,세포학및실험,서태근,False
986,BIO2012-01,생명공학,이재영,False
987,BIO2016-01,데이터생물학,이민호,False
988,BIO2022-01,동물조직배양학,장원희,False
989,BIO2023-01,생명과학전공실험2,서영록,False
990,BIO2024-01,현대식물학,이병무,False
991,BIO2027-01,생명과학세미나,이재영,False
992,BIO2028-01,생물의학,성정석,False
993,BIS2003-01,인도의철학과문화,박수영,False
994,BIS2004-01,선의이해,정영희(다선화),False
995,BIS2017-01,불교교단사,신성현(普圓),False
996,BIS2019-01,고전요가,김재민(법지(法指)),False
997,BIS2021-01,아비달마,우제선,False
998,BIS2023-01,중국선사상,김근행(원상),False
999,BIS2028-01,승가수행학(Ⅱ),신명희(정운),False
1000,BIS2035-01,한국선사상과조계종사,서왕모(정도),False
1001,BIS2041-01,융복합적 종교심리와 경전해석,지창규(명원),False
1002,BIS2046-01,동남아시아불교,황순일(보성),False
1003,BIS2047-01,주니어세미나(디지털 인문학과 불교학의 미래),한재희(지화(知華)),False
1004,BME2019-01,생체재료공학개론및실험,서영권,False
1005,BME2030-01,바이오메디컬프로그래밍2,정종섭,False
1006,BME2031-01,의료용고분자소재 및 실험,이수홍,False
1007,BME2032-01,의생명기기분석및실험,양승훈,False
1008,BME2035-01,유기화학2,권영은,False
1009,BME2036-01,불교융합의공학설계및실습,방석영,False
1010,BUA2002-01,기초불교미술2,이수예,False
1011,BUA2017-01,전통재료기법,최학,False
1012,BUA2019-01,불교회화실습2,김성희,False
1013,BUA2023-01,불교회화문양이론과실습2,황대곤,False
1014,BUA2025-01,불교도상과드로잉2,심근호,False
1015,CAW2004-01,인간행동과사회환경,조자영,False
1016,CEN2017-01,고분자공학입문,이명천,False
1017,CEN2017-02,고분자공학입문,이명천,False
1018,CEN2025-01,화공생물공학기초실험,김교범,False
1019,CEN2025-02,화공생물공학기초실험,임종주,False
1020,CEN2025-03,화공생물공학기초실험,강택진,False
1021,CEN2025-04,화공생물공학기초실험,한정인,False
1022,CEN2027-01,응용생화학,강택진,False
1023,CEN2031-01,공업유기화학2,박봉서,False
1024,CEN2033-01,화공생물공학기기분석,한정인,False
1025,CEN2034-01,공정열역학,박진우,False
1026,CEN2034-02,공정열역학,마이클존빈스,False
1027,CEN2035-01,어드벤처디자인,최민재,False
1028,CEN2035-02,어드벤처디자인,홍성규,False
1029,CEN2035-03,어드벤처디자인,마이클존빈스,False
1030,CHE2009-01,분석화학2,차상원,False
1031,CHE2010-01,유기작용기화학,박봉서,False
1032,CHE2012-01,유기및분석화학실험2,공영대,False
1033,CHE2012-02,유기및분석화학실험2,차상원,False
1034,CHE2013-01,물리화학2,김갑수,False
1035,CHI2025-01,중국근세문학사,김지선,False
1036,CHI2029-01,중국어회화,서미령,False
1037,CHI2035-01,전공중국어2,박석홍,False
1038,CHI2035-02,전공중국어2,최려홍,False
1039,CHI2035-03,전공중국어2,최병선,False
1040,CHI2038-01,현대중국어의이해,한용수,False
1041,CHI2039-01,현대중국입문,김양수,False
1042,CHI2041-01,지식인과 중국근세사회,박영환,False
1043,CIV2007-01,재료역학,이지호,False
1044,CIV2010-01,유체역학,이상일,False
1045,CIV2034-01,건설지질학,장연수,False
1046,CIV2035-01,환경공학및실험,조봉연,False
1047,CIV2037-01,스마트건설융합개론,장영훈,False
1048,CIV2038-01,어드벤처디자인,강주현,False
1049,CIV2038-02,어드벤처디자인,김상범,False
1050,COS2004-01,저널리즘론,장하용,False
1051,COS2004-02,저널리즘론,김영주,False
1052,COS2005-01,방송학개론,강재원,False
1053,COS2005-02,방송학개론,김관규,False
1054,COS2009-01,매스컴이론,정용국,False
1055,COS2009-02,매스컴이론,박연진,False
1056,COS2015-01,디지털매체와커뮤니케이션,김영주,False
1057,COS2015-02,디지털매체와커뮤니케이션,박연진,False
1058,COS2018-01,커뮤니케이션론,김철용,False
1059,CRR2005-01,소년사법과보호,곽대경,False
1060,CRR2008-01,사이버비행과교정처우,부민서,False
1061,CRS2008-01,범죄심리학,조영일,False
1062,CRS2009-01,공식범죄통계이해,조윤오,False
1063,CRS2010-01,사회심리학,조은경,False
1064,CRS2012-01,불교와중독범죄,조영일,False
1065,CSE2013-01,시스템소프트웨어와실습,정준호,False
1066,CSE2013-02,시스템소프트웨어와실습,엄진영,False
1067,CSE2013-03,시스템소프트웨어와실습,엄진영,False
1068,CSE2015-01,웹프로그래밍,송양의,False
1069,CSE2015-02,웹프로그래밍,송양의,False
1070,CSE2015-03,웹프로그래밍,김신우,False
1071,CSE2017-01,자료구조와실습,김시명,False
1072,CSE2017-02,자료구조와실습,이호정,False
1073,CSE2024-01,프로그래밍언어개념,송수환,False
1074,CSE2024-02,프로그래밍언어개념,송수환,False
1075,CSE2025-01,계산적사고법,이명숙,False
1076,CTE2003-01,디지털음향편집입문,안은정,False
1077,CTE2009-01,디지털영상편집입문,서승현,False
1078,CTM2002-01,문화가치의체험과창작,권기석,False
1079,CTS2004-01,문화상품과소비문화,김성규,False
1080,CUH2002-01,문화재학개론,김민규(秀鏡),False
1081,CUH2007-01,동양미술사,임영애(如林),False
1082,CUH2008-01,불교유적유물의이해,이병호(미산),False
1083,CUH2009-01,불교회화사,이승희,False
1084,CUH2010-01,박물관과소장품,이병호(미산),False
1085,DBA2001-01,경영학원론,유석천,False
1086,DBA2001-02,경영학원론,박형중,False
1087,DBA2001-03,경영학원론,유석천,False
1088,DBA2001-05,경영학원론,김형탁,False
1089,DBA2001-06,경영학원론,조현출,False
1090,DBA2002-01,조직행위,정구혁,False
1091,DBA2002-02,조직행위,김기흥,False
1092,DBA2002-03,조직행위,김현동,False
1093,DBA2002-04,조직행위,김형탁,False
1094,DBA2004-01,재무관리,이준서,False
1095,DBA2004-02,재무관리,이준서,False
1096,DBA2004-03,재무관리,강경훈,False
1097,DBA2004-04,재무관리,강경훈,False
1098,DBA2004-05,재무관리,배재완,False
1099,DBA2004-06,재무관리,배재완,False
1100,DBA2006-01,경영정보론,황경태,False
1101,DBA2006-02,경영정보론,정덕훈,False
1102,DBA2006-03,경영정보론,정덕훈,False
1103,DBA2006-04,경영정보론,강성경,False
1104,DBA2013-01,운영관리,송광석,False
1105,DBA2013-02,운영관리,김보람,False
1106,DBA2013-03,운영관리,안철용,False
1107,DBA2013-04,운영관리,김미금,False
1108,DBA2013-05,운영관리,김미금,False
1109,DBA2014-01,회계원리,김갑순,False
1110,DBA2014-02,회계원리,남혜정,False
1111,DBA2014-03,회계원리,이지혜,False
1112,DBA2014-04,회계원리,이지혜,False
1113,DBA2014-05,회계원리,이석근,False
1114,DBA2015-01,경영통계,박찬규,False
1115,DBA2015-02,경영통계,김보람,False
1116,DBA2017-01,마케팅원론(NCS),유창조,False
1117,DBA2017-02,마케팅원론(NCS),유창조,False
1118,DBA2017-03,마케팅원론(NCS),강우성,False
1119,DBA2017-04,마케팅원론(NCS),강우성,False
1120,DBA2017-05,마케팅원론(NCS),김다연,False
1121,DBA2017-06,마케팅원론(NCS),김다연,False
1122,DBA2017-07,마케팅원론(NCS),이선녕,False
1123,DBA2017-08,마케팅원론(NCS),유창조,False
1124,DES2001-02,커리어멘토링,윤병운,False
1125,DES2003-01,산학융합종합설계(인공지능을 활용한 콘텐츠 제작),김형호,False
1126,DLA2001-01,디지털 큐레이션,김택경,False
1127,ECO2002-01,경제통계학,안형택,False
1128,ECO2007-01,미시경제원론,김종일,False
1129,ECO2007-02,미시경제원론,이정택,False
1130,ECO2007-03,미시경제원론,민윤지,False
1131,ECO2008-01,거시경제원론,박선영,False
1132,ECO2008-02,거시경제원론,김태선,False
1133,ECO2008-03,거시경제원론,김성이,False
1134,ECO2009-01,미시경제학Ⅰ,홍우형,False
1135,ECO2010-01,거시경제학Ⅰ,지인엽,False
1136,ECO2010-02,거시경제학Ⅰ,임태준,False
1137,ECO2011-01,미시경제학Ⅱ,이경원,False
1138,ECO2011-02,미시경제학Ⅱ,이경원,False
1139,ECO2012-01,거시경제학Ⅱ,임태준,False
1140,ECO2014-01,경제학개론,강동근,False
1141,EDU2005-01,한국교육사,박종배,False
1142,EDU2012-01,사고와표현,남진숙,False
1143,EDU2014-01,교육과정,이서인,False
1144,EDU2015-01,교육심리,윤초희,False
1145,EIT2026-01,통역기초,이경희,False
1146,EIT2026-02,통역기초,이경희,False
1147,EIT2030-01,영어음성학과발음연습,윤영도,False
1148,EIT2038-01,텍스트유형과번역,김순영,False
1149,EIT2038-02,텍스트유형과번역,이경희,False
1150,EIT2044-01,EnglishGrammarforSpecificPurposes,박명관,False
1151,EIT2044-02,EnglishGrammarforSpecificPurposes,박범식,False
1152,EIT2046-01,FundamentalsofEnglishWriting,베리웰시,False
1153,EIT2047-01,통번역시사영어2,김순영,False
1154,EIT2047-02,통번역시사영어2,정선혜,False
1155,EIT2050-01,FundamentalsofEnglishListening&Speaking2,안젤라로솔로,False
1156,EIT2052-01,Debate&PublicSpeakinginEnglish,베리웰시,False
1157,EME2005-01,재료열역학2,조제웅,False
1158,EME2005-02,재료열역학2,진하늘,False
1159,EME2014-01,신소재공학개론2,남경완,False
1160,EME2016-01,물리화학(양자화학),한영규,False
1161,EME2019-01,유기재료2,김현석,False
1162,EME2020-01,융합신소재기초실험1,조제웅,False
1163,EME2020-02,융합신소재기초실험1,오제민,False
1164,EME2020-03,융합신소재기초실험1,최창순,False
1165,EME2021-01,재료전기화학,이재준,False
1166,ENE2008-01,회로이론2,이동욱,False
1167,ENE2008-02,회로이론2,이동욱,False
1168,ENE2008-03,회로이론2,김삼동,False
1169,ENE2008-04,회로이론2,전병훈,False
1170,ENE2008-05,회로이론2,송병두,False
1171,ENE2009-01,논리회로설계,홍유표,False
1172,ENE2009-02,논리회로설계,홍유표,False
1173,ENE2009-03,논리회로설계,전준현,False
1174,ENE2009-04,논리회로설계,전준현,False
1175,ENE2009-05,논리회로설계,현교환,False
1176,ENE2011-01,물리전자공학2,김성준,False
1177,ENE2011-02,물리전자공학2,김성준,False
1178,ENE2011-03,물리전자공학2,신재철,False
1179,ENE2011-04,물리전자공학2,신재철,False
1180,ENE2012-01,전자기학2,박정동,False
1181,ENE2012-02,전자기학2,한기진,False
1182,ENE2012-03,전자기학2,정현삼,False
1183,ENE2012-04,전자기학2,신재철,False
1184,ENE2013-01,디지털실험,이동욱,False
1185,ENE2013-03,디지털실험,최한호,False
1186,ENE2016-01,신호및시스템,원치선,False
1187,ENE2016-02,신호및시스템,원치선,False
1188,ENE2016-03,신호및시스템,김건욱,False
1189,ENE2016-05,신호및시스템,박강령,False
1190,ENE2016-06,신호및시스템,정대원,False
1191,ENE2017-01,공학프로그램응용,김건욱,False
1192,ENE2018-01,객체지향프로그래밍,전준현,False
1193,ENE2019-01,어드벤처디자인,현교환,False
1194,ENE2019-02,어드벤처디자인,현교환,False
1195,ENE2019-03,어드벤처디자인,봉정식,False
1196,ENG2017-01,영미문학과공연예술,마크존슨,False
1197,ENG2030-01,글로벌영작문,마크존슨,False
1198,ENG2030-02,글로벌영작문,콜린캠벨,False
1199,ENG2031-01,영어문화의세계,홍승현,False
1200,ENG2037-01,영문학과신화이야기,김종갑,False
1201,ENG2038-01,현대영어독해,이난희,False
1202,ENG2038-02,현대영어독해,김지희,False
1203,ENG2040-01,미국소수민족문학과문화,노헌균,False
1204,FIL2080-01,현대영화감상,이종승,False
1205,FIL2083-01,영상미학분석,유지나,False
1206,FIL2083-02,영상미학분석,백태현,False
1207,FIL2092-01,고전영화분석,정수완,False
1208,FIL2093-01,편집,이승호,False
1209,FIL2093-03,편집,이승호,False
1210,FIL2095-01,애니메이션실습,김현영,False
1211,FIL2095-02,애니메이션실습,백순욱,False
1212,FIL2095-03,애니메이션실습,정군,False
1213,FIL2100-01,세계영화사2,이종승,False
1214,FIL2100-02,세계영화사2,하정현,False
1215,FIL2102-01,영화제작워크숍2,핍초도로프,False
1216,FIL2102-03,영화제작워크숍2,핍초도로프,False
1217,FIL2103-01,촬영심화,백성빈,False
1218,FIL2103-03,촬영심화,백성빈,False
1219,FIS2005-01,식품경제원론,심춘수,False
1220,FIS2026-01,식품환경경영론,이보삼,False
1221,FIS2027-01,식품유통론,우원석,False
1222,FIS2031-01,식품산업의이해,심춘수,False
1223,FIS2032-01,식품통계학,지인배,False
1224,FIS2033-01,식품경영회계,홍정학,False
1225,FOO2007-01,식품분석실험,신한승,False
1226,FOO2011-01,식품미생물학,강준원,False
1227,FOO2015-01,식품재료공학,이승주,False
1228,FOO2017-01,식품대사학,홍광원,False
1229,FOO2020-01,식품유기화학,조현진,False
1230,FSM2002-01,범죄증거분석학,한면수,False
1231,GCS2001-01,컬러매니지먼트,김정욱,False
1232,GCS2004-01,그래픽커뮤니케이션사이언스입문,김봉구,False
1233,GEO2036-01,인문지리학,이승철,False
1234,GEO2038-01,문화지리학,정주연,False
1235,GEO2039-01,도시지리학,이나영,False
1236,GEO2042-01,국제개발지리학,김부헌,False
1237,GEO2043-01,세계지리,최자영,False
1238,GEO2044-01,기후학,권용휘,False
1239,GEO2045-01,GIS,양병윤,False
1240,HIE2044-01,고려시대사,황인규,False
1241,HIE2045-01,"주니어세미나(역사와 박물관, 현장 학습)",윤종필,False
1242,HIE2047-01,한국의역사서와역사교육,임상선,False
1243,HIE2049-01,역사학과인접학문의융합교육,최원재,False
1244,HIE2051-01,동아시아중세사,김장구,False
1245,HIE2052-01,서양고대사,양홍석,False
1246,HIS2002-01,서양고대사,양홍석,False
1247,HIS2005-01,한국중세사,최연식,False
1248,HIS2006-01,동양중세사,정병준,False
1249,HIS2011-01,서양사강독,강명수,False
1250,HIS2015-01,한국근대사,김성연,False
1251,HIS2017-01,서양근세사,강명수,False
1252,HIS2028-01,역사자료의 이해와 활용,권기석,False
1253,HOM2014-01,조리과학,이심열,False
1254,HOM2018-01,소비자의사결정,최경숙,False
1255,HOM2019-01,의복재료학,신혜원,False
1256,HOM2022-01,아동발달심리,전미경,False
1257,IDP2003-01,드로잉2,김현경,False
1258,IDP2003-02,드로잉2,이우진,False
1259,IDP2003-03,드로잉2,김지희,False
1260,IDP2003-04,드로잉2,정유미,False
1261,IDP2007-01,불교회화론,유근자,False
1262,IDP2013-01,판화2,이상록,False
1263,IDP2013-02,판화2,이상록,False
1264,IDP2013-03,판화2,이상록,False
1265,IDP2014-01,한국미술사,유근자,False
1266,IDP2016-01,현대미술론,강태성,False
1267,INC2021-01,확률및랜덤프로세스,이기송,False
1268,INC2021-02,확률및랜덤프로세스,이기송,False
1269,INC2024-01,컴퓨터알고리즘및실습,김웅섭,False
1270,INC2024-02,컴퓨터알고리즘및실습,김웅섭,False
1271,INC2028-01,컴퓨터구성,김양우,False
1272,INC2028-02,컴퓨터구성,김양우,False
1273,INC2029-01,객체지향언어와실습,이유철,False
1274,INC2029-02,객체지향언어와실습,이유철,False
1275,INC2031-01,정보통신프로그래밍,임민중,False
1276,INC2031-02,정보통신프로그래밍,임민중,False
1277,INC2032-01,신호와시스템,류철,False
1278,INC2032-02,신호와시스템,류철,False
1279,INC2032-03,신호와시스템,박은찬,False
1280,INC2033-01,어드벤처디자인,김은정,False
1281,INC2033-02,어드벤처디자인,김은정,False
1282,INC2035-01,멘토프로그램(지식재산을 통한 사물인터넷 기술의 이해),방영석,False
1283,INC2036-01,주니어세미나(인공지능을 적용한 스마트선박 IoT 기술 및 지식재산),강준욱,False
1284,INS2001-01,민간경비론,최응렬,False
1285,INS2006-01,국가정보학,김광철,False
1286,INS2009-01,정보보호개론,정두원,False
1287,INT2005-01,국제통상론,최병화,False
1288,INT2005-02,국제통상론,최문성,False
1289,INT2006-01,국제무역론,송백훈,False
1290,INT2006-02,국제무역론,최문성,False
1291,INT2007-01,국제경영입문,이은화,False
1292,ISE2016-01,경영과학1,홍성조,False
1293,ISE2016-02,경영과학1,홍성조,False
1294,ISE2021-01,데이터분석입문,백정우,False
1295,ISE2021-02,데이터분석입문,백정우,False
1296,ISE2022-01,어드벤처디자인,박준영,False
1297,ISE2022-02,어드벤처디자인,염세경,False
1298,ISE2022-03,어드벤처디자인,김소정,False
1299,ISE2023-02,정보시스템분석설계,김소정,False
1300,JAP2013-01,외국인을위한초급일본어작문,고쿠쇼카즈미,False
1301,JAP2014-01,한일언어커뮤니케이션,이경철,False
1302,JAP2016-01,일본학개론,김태진,False
1303,JAP2022-01,매스미디어일본어,고쿠쇼카즈미,False
1304,JAP2025-01,일본근현대정치·외교사,김태진,False
1305,JAP2044-01,멘토프로그램(일본어학 멘토링),박정원,False
1306,KCC2002-01,시창작입문2,박판식,False
1307,KCC2002-02,시창작입문2,박옥순,False
1308,KCC2003-01,소설창작입문2,이장욱,False
1309,KCC2003-02,소설창작입문2,문지혁,False
1310,KCC2003-03,소설창작입문2,염승숙,False
1311,KCC2006-01,고전문학입문,곽미라,False
1312,KCC2006-02,고전문학입문,하성란,False
1313,KCC2011-01,근현대소설특강,황종연,False
1314,KCC2012-01,근현대시특강,김춘식,False
1315,KCC2012-02,근현대시특강,김익균,False
1316,KCC2019-01,한국어어문규범,한용운,False
1317,KLE2028-01,국어학개론,신희성,False
1318,KLE2030-01,현대소설교육론,전한성,False
1319,KLE2035-01,국어교육론,조성윤,False
1320,KOP2016-01,멘토프로그램(미술현장과담론),김미나,False
1321,KOP2020-01,예술과테크놀로지,곽문규,False
1322,KOP2022-01,수묵화2,이인,False
1323,KOP2024-01,현대한국화의기초2,곽상원,False
1324,KOP2026-01,한국화재료기법2,강가연,False
1325,KTM2002-01,전공실기2,최경만,False
1326,KTM2002-02,전공실기2,김영재,False
1327,KTM2002-03,전공실기2,김해숙,False
1328,KTM2002-04,전공실기2,김영길,False
1329,KTM2002-05,전공실기2,김덕수,False
1330,KTM2002-06,전공실기2,박애리,False
1331,KTM2002-07,전공실기2,김영기,False
1332,KTM2002-08,전공실기2,강정숙,False
1333,KTM2002-09,전공실기2,안숙선,False
1334,KTM2002-10,전공실기2,최경만,False
1335,KTM2002-11,전공실기2,박범훈,False
1336,KTM2002-12,전공실기2,김해숙,False
1337,KTM2002-13,전공실기2,김영길,False
1338,KTM2002-14,전공실기2,안숙선,False
1339,KTM2008-01,시창청음2,안승철,False
1340,KTM2010-01,작곡지휘실기2,황호준,False
1341,KTM2014-01,창작가창2,박애리,False
1342,KTM2028-01,실내악(풍류음악)2,박천지,False
1343,KTM2030-01,실내악(민속음악)2,원완철,False
1344,KTM2036-01,노래이면실습2,김성녀,False
1345,KTM2040-01,전통가창실습2,이민주,False
1346,KTM2052-01,불교음악실습2(기악성악한국실용음악),박범훈,False
1347,KTM2052-02,불교음악실습2(기악성악한국실용음악),최수정,False
1348,LAW2037-01,기본권론,김경제,False
1349,LAW2037-02,기본권론,홍선기,False
1350,LAW2042-01,법제사,홍대운,False
1351,LAW2044-01,형법총론,강동욱,False
1352,LAW2044-02,형법총론,변종필,False
1353,LAW2044-03,형법총론,홍대운,False
1354,LAW2046-01,행정법총론,김재선,False
1355,LAW2046-02,행정법총론,김경덕,False
1356,LAW2049-01,물권법,최창렬,False
1357,LAW2049-02,물권법,이용박,False
1358,LAW2050-01,회사법,김선정,False
1359,LAW2050-02,회사법,이훈종,False
1360,LAW2057-01,계약법,최창렬,False
1361,LAW2057-02,계약법,이용박,False
1362,LAW2065-01,법논리학,박민미,False
1363,LAW2068-01,인공지능(AI)법,심민석,False
1364,MAE2002-01,논리와집합,류송분,False
1365,MAE2002-02,논리와집합,류송분,False
1366,MAE2025-01,해석학2,이한주,False
1367,MAE2026-01,선형대수2,안선신,False
1368,MAE2027-01,기하학일반,김수금,False
1369,MAE2028-01,확률및통계,이한주,False
1370,MAE2028-02,확률및통계,박경은,False
1371,MAT2023-01,전산응용수학및실습,조덕빈,False
1372,MAT2037-01,집합론,조덕빈,False
1373,MAT2038-01,기하학개론,안재욱,False
1374,MAT2040-01,선형대수학2,김도진,False
1375,MAT2041-01,미분방정식및연습,김도진,False
1376,MEC2011-01,기구학,박수환,False
1377,MEC2012-01,동역학,임수철,False
1378,MEC2012-02,동역학,임수철,False
1379,MEC2015-01,유체역학,이진우,False
1380,MEC2015-02,유체역학,이진우,False
1381,MEC2025-01,기계전산입문,이재훈,False
1382,MEC2025-02,기계전산입문,이재훈,False
1383,MEC2031-01,응용재료역학,이승준,False
1384,MEC2032-01,기계공학실험1,곽문규,False
1385,MEC2032-02,기계공학실험1,곽문규,False
1386,MGT2013-01,CareerPlan,이효상,False
1387,MGT2014-01,경영수학,유의기,False
1388,MGT2015-01,경영경제,최동현,False
1389,MGT2015-02,경영경제,최동현,False
1390,MGT2015-03,경영경제,박형중,False
1391,MGT2017-01,비즈니스데이터애널리틱스개론,정욱,False
1392,MIS2011-01,비즈니스프로그래밍,정민호,False
1393,MIS2011-02,비즈니스프로그래밍,정민호,False
1394,MIS2017-01,4차산업과빅데이터,이종옥,False
1395,MIS2022-01,비즈니스데이터시각화,이용근,False
1396,MIS2024-01,빅데이터관리,강성경,False
1397,MME2043-01,멀티미디어기초수학,윤승현,False
1398,MME2053-01,수치해석,이철,False
1399,MME2054-01,게임프로그래밍(캡스톤디자인),조경은,False
1400,NOR2002-01,통일학입문,황진태,False
1401,NOR2003-01,사회주의의이론과체제,김일한,False
1402,NOR2010-01,북한의사회와여성,윤보영,False
1403,NOR2012-01,남북한관계사,김용현,False
1404,PAI2008-01,회화2,양경열,False
1405,PAI2014-01,조형실기2,정재호,False
1406,PAI2016-01,기초회화2,양경열,False
1407,PAS2009-01,범죄심리학,이완희,False
1408,PAS2015-01,경찰학,박상진,False
1409,PAS2016-01,형사절차와 인권,김연수,False
1410,PAS2019-01,프로그래밍언어,노유한,False
1411,PAS2020-01,운영체제,허지민,False
1412,PHA2001-01,기초약화학,김영우,False
1413,PHA2002-01,기초시스템생물학,이창훈,False
1414,PHA2007-01,유기화학2,최원준,False
1415,PHA2008-01,약품미생물학,이충호,False
1416,PHA2009-01,물리약학1,안희철,False
1417,PHA2010-01,의약품분석1,안희철,False
1418,PHA2011-01,인체해부생리학,박대균,False
1419,PHE2003-01,체조지도법,김정섭,False
1420,PHE2036-01,운동생리학,김언호,False
1421,PHE2036-02,운동생리학,최철민,False
1422,PHE2038-01,운동심리학,서혜진,False
1423,PHE2038-02,운동심리학,강상욱,False
1424,PHE2042-01,배구지도법,김현주,False
1425,PHE2044-01,유도지도법,박종양,False
1426,PHE2045-01,레크리에이션지도법,손재현,False
1427,PHE2058-01,창작표현활동지도법,손재현,False
1428,PHI2007-01,한국철학사,유흔우,False
1429,PHI2048-01,서양철학 2,장운혁,False
1430,PHI2053-01,사고와 존재,홍진기,False
1431,PHI2056-01,선진유가철학,유흔우,False
1432,PHI2057-01,제자백가철학특강,이승원,False
1433,PHY2007-01,역학2,곽보근,False
1434,PMY2011-01,물리약학2,안희철,False
1435,PMY2013-01,생약학2,김현우,False
1436,PMY2014-01,생리학,김상건,False
1437,PMY2018-01,의약통계학,금영삼,False
1438,PMY2020-01,예방약학1,동미숙,False
1439,PMY2024-01,약품분석학2,안희철,False
1440,PMY2025-01,약품생화학2,이창훈,False
1441,PMY2026-01,약품면역학,이충호,False
1442,PMY2027-01,의약품합성학1,최원준,False
1443,PMY2028-01,미생물 및 Bioinformatics실습,이충호,False
1444,POL2017-01,산학융합종합설계(게이미피케이션 정치 교육전문가과정),김민수,False
1445,POL2029-01,국제정치이론,케네스윌슨,False
1446,POL2034-01,멘토프로그램(리빙랩을 통한 협치 전문가 양성),김민수,False
1447,POS2006-01,경찰윤리,리카르도,False
1448,POS2007-01,비교경찰제도론,임준태,False
1449,POS2008-01,체포술,이문규,False
1450,POS2009-01,한국경찰사,임준태,False
1451,POS2010-01,경찰체육실습Ⅱ,이문규,False
1452,POS2010-02,경찰체육실습Ⅱ,이문규,False
1453,POS2010-03,경찰체육실습Ⅱ,이문규,False
1454,POS2010-04,경찰체육실습Ⅱ,이종우,False
1455,POS2011-01,지역사회경찰활동,리카르도,False
1456,PSS2003-01,현대물리학2,김형상,False
1457,PSS2004-01,기초전자회로및실습2,이영민,False
1458,PSS2005-01,전자기학개론,김순구,False
1459,PUB2010-01,국정관리와행정,이주하,False
1460,PUB2011-01,정책형성론과 AI(어드벤처디자인),주창범,False
1461,SCS2011-01,컴퓨터시스템,김경열,False
1462,SCS2013-01,파이썬프로그래밍,황우섭,False
1463,SCS2013-02,파이썬프로그래밍,황우섭,False
1464,SCS2014-01,자료구조및알고리즘1,이길섭,False
1465,SCS2014-02,자료구조및알고리즘1,이길섭,False
1466,SCS2015-01,융합프로그래밍1,한웅진,False
1467,SCS2015-02,융합프로그래밍1,한웅진,False
1468,SCS2016-01,융합프로그래밍2,김경열,False
1469,SCS2019-01,오픈소스소프트웨어실습,이길섭,False
1470,SCU2004-01,기초조소2,김황록,False
1471,SCU2012-01,소조2,신종훈,False
1472,SCU2014-01,재료기법2,진우혜,False
1473,SCU2015-01,목조,백연수,False
1474,SCU2016-01,산학융합종합설계(아트 콜라보레이션),송남이,False
1475,SEM2006-01,반도체물리학,임현식,False
1476,SEM2024-01,디지털회로설계및실습,송민규,False
1477,SOC2008-01,사회조사방법,김정석,False
1478,SOC2009-01,문화사회학,권오헌,False
1479,SOC2010-01,한국사회론,김상문,False
1480,SOC2013-01,인구와 현대사회,주지현,False
1481,SOC2014-01,다문화사회의 이해,이충훈,False
1482,SOC2015-01,고전사회학이론,김원태,False
1483,SOW2004-01,인간행동과사회환경,홍송이,False
1484,SOW2025-01,지역사회복지론,김형용,False
1485,SOW2029-01,사회복지역사,김학주,False
1486,SOW2031-01,사회문제론,임해영,False
1487,SPC2026-01,건강교육및관리,임상훈,False
1488,SPC2029-01,스포츠문화와역사,성제훈,False
1489,SPC2030-01,스포츠문화와예술,성제훈,False
1490,SPC2032-01,스포츠정책및조직론,이완영,False
1491,SPC2038-01,여가및레크리에이션,염희옥,False
1492,SPC2040-01,전공실기2,안효연,False
1493,SPC2042-01,전공실기4,이호근,False
1494,SPC2047-01,스포츠통계,이기혁,False
1495,SPC2049-01,스포츠테이핑,강의수,False
1496,SPC2060-01,구기스포츠,김종호,False
1497,SPC2062-01,스포츠더블멘토링,정진욱,False
1498,SPC2064-01,요가,김도희,False
1499,STA2005-01,탐색적자료분석,박주현,False
1500,STA2013-01,프로그래밍및실습1,최성은,False
1501,STA2015-01,확률과정론,안홍엽,False
1502,STA2020-01,통계계산및그래픽실습,이영섭,False
1503,STA2020-02,통계계산및그래픽실습,이영섭,False
1504,STA2021-01,수리통계학2,안홍엽,False
1505,THE2019-01,프로덕션제작실습2,백연,False
1506,THE2019-02,프로덕션제작실습2,김주원,False
1507,THE2019-03,프로덕션제작실습2,최규선,False
1508,THE2021-01,프로덕션제작실습4,정숙희,False
1509,THE2021-02,프로덕션제작실습4,이수원,False
1510,THE2021-03,프로덕션제작실습4,김영민,False
1511,THE2026-01,연기4,이지은,False
1512,THE2026-02,연기4,권지혜,False
1513,THE2028-01,보이스2,이지은,False
1514,THE2028-02,보이스2,권지혜,False
1515,THE2030-01,뮤지컬보컬2,윤아르나,False
1516,THE2030-02,뮤지컬보컬2,홍금단,False
1517,THE2032-01,뮤지컬보컬4,윤아르나,False
1518,THE2032-02,뮤지컬보컬4,이진용,False
1519,THE2034-01,발레2,백연,False
1520,THE2034-02,발레2,김주원,False
1521,THE2035-01,텍스트분석,이동훈,False
1522,THE2040-01,연출2,이동훈,False
1523,THE2042-01,연출4(어드벤처디자인),신영섭,False
1524,TRA2004-01,다국적기업입문,이도형,False
1525,TRA2004-02,다국적기업입문,이도형,False
1526,TRA2007-01,경제학입문,남은영,False
1527,TRA2008-01,국제통상입문,전기홍,False
1528,TRA2008-02,국제통상입문,전기홍,False
1529,ACG4002-01,감사사례연구,박재완,False
1530,ACG4002-02,감사사례연구,박재완,False
1531,ACG4004-01,관리회계,정선문,False
1532,ACG4004-02,관리회계,정선문,False
1533,ACG4008-01,법인세회계1,양재영,False
1534,ACG4009-01,법인세회계2,홍영도,False
1535,ACG4011-01,소득세회계,김정훈,False
1536,ACG4011-02,소득세회계,김정훈,False
1537,ACG4012-01,원가회계,노영래,False
1538,ACG4014-01,중급회계2,김종근,False
1539,ACG4016-01,회계이론,이석근,False
1540,ACG4018-01,정부회계,김상노,False
1541,ACG4027-01,세무회계특강,김갑순,False
1542,ACG4027-02,세무회계특강,김갑순,False
1543,ACG4031-01,고급회계2,권혁진,False
1544,ADV4003-01,홍보전략론,이일우,False
1545,ADV4013-01,광고세미나,김봉현,False
1546,ADV4015-01,P.R캠페인사례연구,최유진,False
1547,ADV4021-01,PR문장론2,윤성훈,False
1548,ADV4021-02,PR문장론2,윤성훈,False
1549,ADV4028-01,디지털영상광고제작론,손배호,False
1550,ADV4032-01,광고홍보조사방법론Ⅱ,김효규,False
1551,ADV4036-01,글로벌광고,이영화,False
1552,ADV4037-01,디지털 광고 Analytics,조인호,False
1553,ADV4039-01,이슈및위기관리론,최유진,False
1554,ARC4041-01,철골구조,김종대,False
1555,ARC4042-01,건설공정관리,최종수,False
1556,ARC4043-01,건물공기조화설비,양인호,False
1557,ARC4056-01,건설계약및운영,이재섭,False
1558,ARC4058-01,건축공학종합설계2,양인호,False
1559,ARC4058-02,건축공학종합설계2,최종수,False
1560,ARC4064-01,건축물리모델링및유지관리,조대구,False
1561,ARC4068-01,건축공학확률응용,박관순,False
1562,ARD2024-01,건축설계2,김정아,False
1563,ARD2024-02,건축설계2,오세범,False
1564,ARD2024-03,건축설계2,황연숙,False
1565,ARD4015-01,건축종합설계2,조한신,False
1566,ARD4015-02,건축종합설계2,최민기,False
1567,ARD4015-03,건축종합설계2,백용운,False
1568,ARD4033-01,모더니즘과현대건축,백용운,False
1569,ARD4034-01,동양건축사,조정식,False
1570,ARD4035-01,지속가능건축,이지훈,False
1571,ARD4036-01,건축과컴퓨터,이명식,False
1572,ARD4038-01,건축과도시문화,한광야,False
1573,ARD4040-01,건축기술2,윤홍연,False
1574,ARD4042-01,건축설계4,이명식,False
1575,ARD4042-02,건축설계4,문정석,False
1576,ARD4042-03,건축설계4,한광훈,False
1577,ASI4003-01,첨단기술활용영상제작실습,김영준,False
1578,ASI4011-01,문화예술과마케팅,김은영,False
1579,ASI4012-01,첨단기술활용공연제작실습2,최규선,False
1580,ASW4010-01,컴퓨터그래픽스,강태선,False
1581,ASW4010-02,컴퓨터그래픽스,강태선,False
1582,ASW4010-03,컴퓨터그래픽스,윤승현,False
1583,ASW4011-01,디지털영상처리,이철,False
1584,ASW4013-01,딥러닝입문,조성인,False
1585,ASW4014-01,공개SW프로젝트,손윤식,False
1586,ASW4014-02,공개SW프로젝트,정준호,False
1587,ASW4015-01,임베디드시스템,이강우,False
1588,BES4006-01,환경생명공학및실험,강호덕,False
1589,BES4009-01,환경미생물학,조시경,False
1590,BES4012-01,식물생화학,변지희,False
1591,BES4018-01,생태공학및실습,배제선,False
1592,BES4019-01,바이오에너지,강규영,False
1593,BES4020-01,수질환경학,김극태,False
1594,BES4028-01,환경법과환경정책,성준경,False
1595,BES4029-01,환경조림학캡스톤디자인,강호덕,False
1596,BES4037-01,주니어세미나(환경분야 국제기구 진출),강호덕,False
1597,BES4039-01,대기환경학,이상용,False
1598,BES4040-01,연소공학,조시경,False
1599,BIO4022-01,생물정보학,이재영,False
1600,BIO4032-01,생물물리학,성정석,False
1601,BIO4033-01,신경생물학,김병혁,False
1602,BIO4036-01,유전체학,이병무,False
1603,BIO4040-01,종양생물학,서태근,False
1604,BIO4042-01,바이러스학,서태근,False
1605,BIO4043-01,생태학,김병혁,False
1606,BIO4045-01,생명과학캡스톤디자인2,김병혁,False
1607,BIO4048-01,식물생리학,김경희,False
1608,BIS4011-01,인도인식논리학,성청환(해인),False
1609,BIS4014-01,동아시아대승불교,손진(정완),False
1610,BIS4017-01,선문화론,박청환(정덕),False
1611,BIS4027-01,불교사상과서양철학,김종욱(일초),False
1612,BIS4032-01,위빠사나의이해와실습,브라이언써멀스,False
1613,BIS4033-01,화엄학,신성현(普圓),False
1614,BIS4039-01,여래장의이해,하영수(진본),False
1615,BIS4045-01,한국불교사상과한국종교 ,고영섭,False
1616,BIS4047-01,세계종교,김경래(지욱),False
1617,BIS4049-01,명상과아동·청소년상담,김혜원,False
1618,BIS4053-01,선심리상담이론과실제(캡스톤디자인),송영숙(서광),False
1619,BIS4055-01,불교윤리학,허남결(월인(月印)),False
1620,BIS4056-01,인도의신화와문학,류현정,False
1621,BIS4063-01,빨리어입문,최지연,False
1622,BIS4064-01,히말라야불교산책,한재희(지화(知華)),False
1623,BME4013-01,화학생물학,권영은,False
1624,BME4034-01,의용계측기기설계실험,김성민,False
1625,BME4036-01,세포배양공학및실험,이수홍,False
1626,BME4043-01,고급의생명공학연구(캡스톤디자인),양승훈,False
1627,BME4047-01,재생의학2,서영권,False
1628,BME4050-01,면역공학 및 실험,양승훈,False
1629,BME4052-01,디지털 헬스케어 엔지니어링,임홍석,False
1630,BME4054-01,바이오메디컬 신호처리시스템,정종섭,False
1631,BME4060-01,생화학2,양승훈,False
1632,BSI4002-01,생물학공용DB를이용한데이터프로세싱,이민호,False
1633,BUA4032-01,멘토프로그램(불교미술감상법),심근호,False
1634,BUA4041-01,불교회화2(캡스톤디자인),심근호,False
1635,BUA4042-01,불교회화4(캡스톤디자인),이수예,False
1636,BUA4047-01,불교미술창작,이수예,False
1637,CAW4002-01,청소년복지론,조자영,False
1638,CAW4003-01,사회복지실천기술론,이해님,False
1639,CAW4004-01,노인복지론,김가원,False
1640,CAW4008-01,사회복지현장실습,이해님,False
1641,CAW4009-01,사회복지조사론,최상미,True
1642,CAW4010-01,프로그램개발과평가,조자영,False
1643,CAW4012-01,가족상담및가족치료,정민회,False
1644,CAW4014-01,의료사회복지론,정대희,False
1645,CAW4022-01,사회복지현장실습세미나,이해님,False
1646,CAW4022-02,사회복지현장실습세미나,우영미,False
1647,CAW4028-01,정신건강론,정민회,False
1648,CAW4029-01,심리측정및평가,심희원,False
1649,CAW4030-01,사회복지행정정책캡스톤디자인,최상미,False
1650,CAW4031-01,집단상담,송영매,False
1651,CEN4054-01,전자정보소재공학,최민재,False
1652,CEN4055-01,화공생물공학실험,박정훈,False
1653,CEN4055-02,화공생물공학실험,이명천,False
1654,CEN4055-03,화공생물공학실험,원기훈,False
1655,CEN4055-04,화공생물공학실험,최민재,False
1656,CEN4063-01,디스플레이소재공학,한정인,False
1657,CEN4065-01,촉매반응공학,박정훈,False
1658,CEN4066-01,화공세미나,이의수,False
1659,CEN4072-01,공정모델링및시뮬레이션,마이클존빈스,False
1660,CEN4074-01,열및물질전달,원기훈,False
1661,CEN4074-02,열및물질전달,박정훈,False
1662,CEN4076-01,화장품공정공학,최현경,False
1663,CEN4078-01,생체의학공학,김교범,False
1664,CEN4081-01,화공생물공학종합설계,박진우,False
1665,CHE4022-01,유기구조결정방법의이해,박봉서,False
1666,CHE4023-01,무기화학실험,정현,False
1667,CHE4024-01,무기화학2,정현,False
1668,CHE4050-01,의약화학,김성규,False
1669,CHE4051-01,화학생물학,김종필,False
1670,CHE4052-01,화학생물학실험,김종필,False
1671,CHE4058-01,기기분석,김영관,False
1672,CHE4060-01,나노바이오화학,김영관,False
1673,CHI4023-01,중국인의사상과지혜,박영환,False
1674,CHI4060-01,중국어문장구조의이해,서미령,False
1675,CHI4066-01,중국소설과스토리텔링(캡스톤디자인),김지선,False
1676,CHI4072-01,비즈니스중국어,정진수,False
1677,CHI4074-01,중국어고시연습,한용수,False
1678,CHI4076-01,고대중국어 구문독해,박석홍,False
1679,CHI4077-01,타이완의 역사와 문화,김양수,False
1680,CHI4079-01,산학융합종합설계(중화권 통상문화의 이해),정진수,False
1681,CIV4004-01,측량학및실습,조준호,False
1682,CIV4007-01,컴퓨터응용구조해석,이지호,False
1683,CIV4008-01,강구조설계,김종대,False
1684,CIV4011-01,토질역학2,김윤희,False
1685,CIV4021-01,건설시공및견적,김경백,False
1686,CIV4022-01,건설계약및법규,김상범,False
1687,CIV4068-01,건설환경캡스톤디자인,김상범,False
1688,CIV4069-01,수자원환경GIS,강주현,False
1689,CIV4072-01,미래의물환경시스템,이상일,False
1690,CIV4075-01,콘크리트구조설계,김종대,False
1691,COS4005-01,P.R론,장석준,False
1692,COS4020-01,문화와커뮤니케이션,이호규,False
1693,COS4020-02,문화와커뮤니케이션,김성은,False
1694,COS4034-01,조직커뮤니케이션,장하용,False
1695,COS4035-01,스피치커뮤니케이션,박혜경,False
1696,COS4035-02,스피치커뮤니케이션,김여진,False
1697,COS4042-01,고급영상제작(캡스톤디자인),김동욱,False
1698,COS4043-01,미디어스토리텔링,황하성,False
1699,COS4043-02,미디어스토리텔링,박현갑,False
1700,COS4046-01,미디어이슈와토론,정용국,False
1701,COS4046-02,미디어이슈와토론,박상현,False
1702,COS4047-01,미디어법제와윤리,강재원,False
1703,CPS4003-01,상황판단과 논증,김우진,False
1704,CPS4009-01,공무원과 리더십론,박계옥,False
1705,CRE4035-01,시창작실기2,박소란,False
1706,CRE4052-01,시창작실기3,유계영,False
1707,CRE4053-01,소설창작실기3,백수린,False
1708,CRE4063-01,당대소설강독,황종연,False
1709,CRE4067-01,소설창작실기2(캡스톤디자인),이장욱,False
1710,CRE4067-02,소설창작실기2(캡스톤디자인),염승숙,False
1711,CRE4071-01,시창작연습2,박형준,False
1712,CRE4072-01,소설창작연습2,한유주,False
1713,CRE4072-02,소설창작연습2,강화길,False
1714,CRE4074-01,아동문학입문,전경남,False
1715,CRE4075-01,영상콘텐츠입문,최유선,False
1716,CRE4081-01,출판편집기획론2(캡스톤디자인),장은수,False
1717,CRE4082-01,영상콘텐츠연습,최유선,False
1718,CRE4083-01,극문학창작연습(캡스톤디자인),민병훈,False
1719,CRE4085-01,한국문학과세계문학,김춘식,False
1720,CRE4085-02,한국문학과세계문학,김은석,False
1721,CRE4088-01,장르소설연습,강화길,False
1722,CRE4088-02,장르소설연습,문지혁,False
1723,CRR4005-01,교정복지와상담,강호성,False
1724,CRR4008-01,교정보호관련법,김은주,False
1725,CRR4009-01,범죄자위험성평가,조윤오,False
1726,CRS4002-01,범죄데이터분석고급,이창배,False
1727,CRS4008-01,범죄지도,조제성,False
1728,CRS4010-01,사물인터넷과범죄,리카르도,False
1729,CRS4015-01,형사사법연구설계법,조영일,False
1730,CRS4016-01,범죄데이터시각화(실습),김병준,False
1731,CRS4020-01,범죄프로파일링,곽대경,False
1732,CSE4029-01,컴퓨터알고리즘과실습,정진우,False
1733,CSE4029-02,컴퓨터알고리즘과실습,정진우,False
1734,CSE4029-03,컴퓨터알고리즘과실습,김동우,False
1735,CSE4034-01,컴퓨터구조,장태무,False
1736,CSE4034-02,컴퓨터구조,장태무,False
1737,CSE4035-01,컴파일러구성,손윤식,False
1738,CSE4036-01,인공지능,김준태,False
1739,CSE4036-02,인공지능,김준태,False
1740,CSE4038-01,데이터통신입문,안종석,False
1741,CSE4038-02,데이터통신입문,안종석,False
1742,CSE4041-01,데이터베이스프로그래밍,이용규,False
1743,CSE4041-02,데이터베이스프로그래밍,이용규,False
1744,CSE4058-01,소프트웨어공학개론,최은만,False
1745,CSE4058-02,소프트웨어공학개론,이호정,False
1746,CSE4066-01,컴퓨터공학종합설계1,석문기,False
1747,CSE4067-01,컴퓨터공학종합설계2,정준호,False
1748,CSE4067-02,컴퓨터공학종합설계2,안종석,False
1749,CSE4067-03,컴퓨터공학종합설계2,손윤식,False
1750,CSE4067-04,컴퓨터공학종합설계2,정진우,False
1751,CSE4075-01,SW비즈니스와창업,이현주,False
1752,CSE4081-01,암호학과네트워크보안,김영부,False
1753,CSE4081-02,암호학과네트워크보안,김동우,False
1754,CTE4007-01,비주얼스토리텔링,김길형,False
1755,CTE4009-01,창의적정보시각화,오경란,False
1756,CTE4012-01,융합콘텐츠제작,정서원,False
1757,CTS4002-01,영상예술과예술비평,정성희,False
1758,CTS4003-01,문화연구와문화산업,임경준,False
1789,DBA4002-01,경영사례분석,강성경,False
1809,DES4009-01,다학제캡스톤디자인,임대운,False
1810,DES4025-01,기업사회맞춤형캡스톤디자인2,김형호,False
1811,DES4025-02,기업사회맞춤형캡스톤디자인2,금동준,False
1812,DES4025-04,기업사회맞춤형캡스톤디자인2,한기용,False
1813,DES4032-01,기술창업캡스톤디자인2,정기수,False
1814,DES4032-02,기술창업캡스톤디자인2,정기수,False
1815,DES4032-03,기술창업캡스톤디자인2,이태현,False
1834,DSC4007-01,데이터사이언스캡스톤디자인,임상수,False
1835,DSC4008-01,데이터랭글링,한웅진,False
1836,DSC4009-01,데이터분석및시각화,조성균,False
1837,ECO4001-01,경제발전론,김종일,False
1838,ECO4004-01,계량경제학,강준모,False
1839,ECO4008-01,법경제학,전주용,False
1840,ECO4008-02,법경제학,김은수,False
1841,ECO4011-01,인적자본론,이정택,False
1842,ECO4011-02,인적자본론,이정택,False
1843,ECO4013-01,재정학,홍우형,False
1844,ECO4016-01,한국경제사,김낙년,False
1845,ECO4016-02,한국경제사,김낙년,False
1846,ECO4017-01,화폐금융론,강삼모,False
1847,ECO4017-02,화폐금융론,강삼모,False
1848,ECO4017-03,화폐금융론,이원기,False
1849,ECO4021-01,경제통합론,박도준,False
1850,ECO4021-02,경제통합론,박도준,False
1851,ECO4025-01,경제수학2,전주용,False
1852,ECO4026-01,데이터경제학,이정택,False
1853,EDU4003-01,교육공학,신나민,False
1854,EDU4015-01,서양교육사,임광국,False
1855,EDU4026-01,인적자원개발론,장환영,False
1856,EDU4029-01,교육학교육론,이서인,False
1857,EDU4033-01,심리검사,박현주,False
1858,EDU4035-01,교육평가,고은선,False
1859,EDU4037-01,교육정책론,박선형,False
1860,EDU4038-01,한국현대교육문제사,박종배,False
1861,EDU4041-01,긍정적행동지원,이효정,False
1862,EIT4050-01,영어화용론과번역,김경혜,False
1863,EIT4050-02,영어화용론과번역,김경혜,False
1864,EIT4054-01,문학과영상번역,김순영,False
1865,EIT4067-01,AcademicEnglishWritingandComposition,안젤라로솔로,False
1866,EIT4068-01,언어와다문화,안젤라로솔로,False
1867,EIT4075-01,졸업논문캡스톤프로젝트2 (캡스톤 디자인),박명관,False
1868,EIT4075-02,졸업논문캡스톤프로젝트2 (캡스톤 디자인),박범식,False
1869,EIT4077-01,빅데이터 활용 영어 담화/대화 분석,황선희,False
1870,EIT4082-01,Conference Interpreting Practice,홍정민,False
1871,EIT4084-01,Interpreting Translation & Global Communicaton,홍정민,False
1872,EIT4089-01,기계번역과포스트에디팅,김경혜,False
1873,EIT4090-01,AI영어교육과언어발달,신정아,False
1874,EME4005-01,무기화학,한영규,False
1875,EME4020-01,유기전자재료와응용,진하늘,False
1876,EME4025-01,전기화학응용및실험,이재준,False
1877,EME4027-01,이차전지실험,남경완,False
1878,EME4032-01,고분자물리,조제웅,False
1879,EME4033-01,고체재료화학,오제민,False
1880,EME4034-01,나노바이오융합과학,최창순,False
1881,EME4040-01,기초반도체공학,권순철,False
1882,ENE4016-01,전력공학2,정진우,False
1883,ENE4017-01,전기기계2,한기진,False
1884,ENE4017-02,전기기계2,한기진,False
1885,ENE4019-01,SoC설계,홍유표,False
1886,ENE4033-01,반도체공정,김삼동,False
1887,ENE4033-02,반도체공정,김삼동,False
1888,ENE4033-03,반도체공정,김성준,False
1889,ENE4035-01,전동력제어및응용,정현삼,False
1890,ENE4039-01,캡스톤디자인,전준현,False
1891,ENE4039-02,캡스톤디자인,최한호,False
1892,ENE4045-01,전자회로2,변상진,False
1893,ENE4045-02,전자회로2,박정동,False
1894,ENE4049-01,전기응용,정현삼,False
1895,ENE4050-01,나노전자기계공학,김현석,False
1896,ENE4055-01,분산전원시스템,류상욱,False
1897,ENE4056-01,신재생에너지,전준현,False
1898,ENE4060-01,영상처리,김준화,False
1899,ENE4061-01,디지털통신,황승훈,False
1900,ENE4061-02,디지털통신,손인수,False
1901,ENE4062-01,기계학습론,손인수,False
1902,ENE4062-02,기계학습론,박강령,False
1903,ENE4064-01,전자회로실험,변상진,False
1904,ENE4064-02,전자회로실험,변상진,False
1905,ENE4066-01,제어공학개론,김민성,False
1906,ENE4068-01,아날로그집적회로,변상진,False
1907,ENE4069-01,임베디드신호처리시스템,김건욱,False
1908,ENE4071-01,안테나공학,박정동,False
1909,ENE4074-01,센서응용공학,김민성,False
1910,ENG4020-01,미국문학과글쓰기연습,콜린캠벨,False
1911,ENG4024-01,연극을통한영어연습,스티븐쿤스,False
1912,ENG4040-01,영미문화연구,김종갑,False
1913,ENG4043-01,페미니즘과영문학,홍승현,False
1914,ENG4047-01,현대영국소설,홍승현,False
1915,ENG4048-01,영어권문화와청취,김성중,False
1916,ENG4048-02,영어권문화와청취,김지희,False
1917,ENG4054-01,포스트모더니즘과디지털인문학,최진범,False
1918,ENG4058-01,PresentationinEnglish,콜린캠벨,False
1919,ENG4064-01,낭만과함께하는영국낭만주의,김성중,False
1920,FIL4067-01,졸업영화캡스톤디자인,박재호,False
1921,FIL4067-03,졸업영화캡스톤디자인,양윤호,False
1922,FIL4067-05,졸업영화캡스톤디자인,조은희,False
1923,FIL4068-01,사운드실습심화,한명환,False
1924,FIL4068-03,사운드실습심화,한명환,False
1925,FIL4071-01,다큐멘타리제작캡스톤디자인,박종호,False
1926,FIL4071-03,다큐멘타리제작캡스톤디자인,박종호,False
1927,FIL4072-01,극영화제작캡스톤디자인,김윤신,False
1928,FIL4072-03,극영화제작캡스톤디자인,김윤신,False
1929,FIL4073-01,예술과젠더,유지나,False
1930,FIL4074-01,편집심화,박영삼,False
1931,FIL4074-02,편집심화,박영삼,False
1932,FIL4080-01,프로덕션디자인,조우정,False
1933,FIL4080-02,프로덕션디자인,조우정,False
1934,FIL4083-01,지역과영상교육,박종호,False
1935,FIL4084-01,실험영화캡스톤디자인,핍초도로프,False
1936,FIL4084-03,실험영화캡스톤디자인,핍초도로프,False
1937,FIL4087-01,감독스타일분석,정수완,False
1938,FIL4087-02,감독스타일분석,이대범,False
1939,FIL4088-01,영화홍보마케팅,한순호,False
1940,FIL4088-02,영화홍보마케팅,한순호,False
1941,FIL4091-01,각색시나리오실습,조은희,False
1942,FIL4091-03,각색시나리오실습,이수진,False
1943,FIL4093-01,융복합매체캡스톤디자인,문다원,False
1944,FIL4093-03,융복합매체캡스톤디자인,문다원,False
1945,FIS4017-01,식품경영전략세미나,김상태,False
1946,FIS4041-01,외식산업경영세미나,황재현,False
1947,FIS4042-01,식품산업조직론,지인배,False
1948,FIS4043-01,식품안전관리론,이보삼,False
1949,FIS4048-01,애그리비즈니스세미나,황재현,False
1950,FIS4049-01,식품거시및무역론,심춘수,False
1951,FIS4052-01,전자상거래와소매유통,김상태,False
1952,FOO4005-01,생화학및분자생물학실험,홍광원,False
1953,FOO4011-01,식품가공학2,박준하,False
1954,FOO4013-01,식품화학실험,이광근,False
1955,FOO4017-01,발효공학,강준원,False
1956,FOO4025-01,기능성식품학2,이석희,False
1957,FOO4028-01,식품면역학,강석성,False
1958,FOO4032-01,식품안전성학,신한승,False
1959,FOO4037-01,식품공학,이승주,False
1960,FOO4038-01,식품효능평가실습학,금나나,False
1961,FSI4001-01,사이버범죄수사론,이미정,False
1962,GCS4002-01,식품포장특론,정승원,False
1963,GCS4006-01,4차산업과패키징,김병수,False
1964,GEO4021-01,지리교육공학및평가,안재섭,False
1965,GEO4049-01,지리교과논리및논술세미나,안재섭,False
1966,GEO4052-01,지리교재연구및지도법,안재섭,False
1967,GEO4065-01,글로벌경제지리,이승철,False
1968,GEO4067-01,커뮤니티맵핑과액티브러닝(캡스톤디자인),양병윤,False
1969,GEO4068-01,원격탐사와영상판독,나유경,False
1970,GEO4069-01,응용지형학,김태석,False
1971,HIE4003-01,역사교육특강,윤선태,False
1972,HIE4009-01,역사논리및논술,윤종필,False
1973,HIE4009-02,역사논리및논술,윤종필,False
1974,HIE4011-01,한국사회경제사,윤선태,False
1975,HIE4018-01,현대세계와한국,조건,False
1976,HIE4021-01,역사교재연구및지도법,윤종필,False
1977,HIE4029-01,한국사교육론,이승민,False
1978,HIE4033-01,사료강독3:아시아사교육자료강독,최진열,False
1979,HIE4040-01,서양근현대사,강택구,False
1980,HIE4042-01,세계사교재론,강명수,False
1981,HIS4005-01,동양최근세사,김택경,False
1982,HIS4007-01,한국사상사,최연식,False
1983,HIS4011-01,동양사강독,서인범,False
1984,HIS4018-01,동양사연습,정병준,False
1985,HIS4024-01,동양역사고전읽기,강준,False
1986,HIS4029-01,한국문화예술사,박진일,False
1987,HIS4030-01,서양현대사,유회명,False
1988,HIS4031-01,서양사연습,유회명,False
1989,HIS4035-01,한국현대사,조민지,False
1990,HIS4040-01,태평양현대사,권오수,False
1991,HIS4044-01,3D동국여지승람,권기석,False
1992,HIS4046-01,디지털역사문화콘텐츠(캡스톤디자인),김택경,False
1993,HOM4004-01,외국조리,허인준,False
1994,HOM4010-01,생활설계와직업,조소연,False
1995,HOM4022-01,부모교육론,이현,False
1996,HOM4038-01,가정과논리및논술,전미경,False
1997,HOM4038-02,가정과논리및논술,전미경,False
1998,HOM4042-01,생애주기영양,강영은,False
1999,HOM4043-01,식생활관리,이유신,False
2000,HOM4044-01,서양복식문화사,김희라,False
2001,HOM4048-01,가정교재연구및지도법,하오선,False
2002,HOM4054-01,가족복지,이현,False
2003,INC4057-01,데이터베이스체제,양기주,False
2004,INC4057-02,데이터베이스체제,양기주,False
2005,INC4063-01,컴퓨터네트워크,이재훈,False
2006,INC4063-02,컴퓨터네트워크,이재훈,False
2007,INC4085-01,캡스톤디자인2,임대운,False
2008,INC4086-01,임베디드시스템,김동환,False
2009,INC4100-01,디지털영상처리,류철,False
2010,INC4104-01,모바일소프트웨어,김웅섭,False
2011,INC4106-01,암호알고리즘및응용,임대운,False
2012,INC4107-01,딥러닝,김동환,False
2013,INC4108-01,산학융합종합설계(지식경영 프로젝트),이동환,False
2014,INC4111-01,디지털통신,임민중,False
2015,INC4111-02,디지털통신,임민중,False
2016,INC4114-01,지능형IoT시스템설계및지식재산권,김웅섭,False
2017,INS4016-01,침입탐지와차단시스템,김혁준,False
2018,INS4017-01,산업보안기술,최인석,False
2019,INS4018-01,최신ICT와보안,박민수,False
2020,INS4019-01,침해사고대응관리,이준형,False
2021,INS4020-01,디지털포렌식개론,정두원,False
2022,INT4007-01,무역영어,김고운,False
2023,INT4007-02,무역영어,남보라,False
2024,INT4008-01,국제운송과물류,전기홍,False
2025,INT4022-01,무역통계분석,이재화,False
2026,INT4022-02,무역통계분석,이재화,False
2027,INT4037-01,무역과리스크관리,김석태,False
2028,INT4037-02,무역과리스크관리,정벤윤,False
2029,INT4038-01,파생상품거래,현정환,False
2030,INT4038-02,파생상품거래,신우용,False
2031,INT4039-01,한국경제와통상,신승관,False
2032,INT4041-01,국제지역경제론,이학노,False
2033,INT4044-01,핀테크와글로벌금융환경,현정환,False
2034,INT4047-01,글로벌서비스전략,하홍열,False
2035,INT4047-02,글로벌서비스전략,하홍열,False
2036,IRC4004-01,자율사물캡스톤디자인,김준오,False
2037,ISE4005-01,첨단제조공학,박준영,False
2038,ISE4018-01,유통물류관리,전성범,False
2039,ISE4022-01,제품개발,장준호,False
2040,ISE4023-01,기술경영,윤병운,False
2041,ISE4026-01,산업시스템공학종합설계,장준호,False
2042,ISE4036-01,헬스케어공학,염세경,False
2043,ISE4038-01,품질공학,서용윤,False
2044,ISE4042-01,산업AI,이종태,False
2045,ISE4044-01,UI/UX설계,장준호,False
2046,ISE4046-01,머신러닝2,이종태,False
2047,ISE4047-01,산업시스템프로그래밍2,이종태,False
2048,ISE4048-01,주니어세미나(기술경영 컨설팅 프로젝트),윤병운,False
2169,JAP4012-01,일본어사,이경철,False
2170,JAP4013-01,한.일비교문학,이영호,False
2171,JAP4016-01,일본근현대기업사,송정현,False
2172,JAP4020-01,일본역사의이해,정성희,False
2173,JAP4023-01,일본근현대문학의이해,이영호,False
2174,JAP4026-01,주니어세미나(한일 문화콘텐츠 세미나),송정현,False
2175,JAP4086-01,한일무역실무(캡스톤디자인),송정현,False
2176,JAP4087-01,한일경제사회의이해,송정현,False
2177,KLE4017-01,문학교육론,전한성,False
2178,KLE4034-01,문학과문화교육론,이원영,False
2179,KLE4040-01,고전산문교육론,김승호,False
2180,KLE4046-01,국어교재연구및지도법,김해인,False
2181,KLE4046-02,국어교재연구및지도법,조성윤,False
2182,KLE4047-01,고전문학교육자료강독,조성윤,False
2183,KLE4051-01,국어과논술교육론,백정이,False
2184,KLE4052-01,한국언어규범론,고희성,False
2185,KLE4053-01,국어교육연습,이원영,False
2186,KLE4058-01,국어교육과매체문식성,김해인,False
2187,KOP4016-01,형상표현2,곽상원,False
2188,KOP4020-01,수묵채색화2,이인,False
2189,KOP4034-01,현대회화2(캡스톤디자인),이주원,False
2190,KOP4046-01,한국화현장실기2(캡스톤디자인),이지우,False
2191,KOP4047-01,한국화조형실험,이주원,False
2192,KOP4049-01,작가포트폴리오실습,김민주,False
2193,KOP4051-01,한국의미술작가론,성시정,False
2194,KOR4063-01,국어의역사,서정호,False
2195,KOR4070-01,중세국어문법의이해,전기량,False
2196,KOR4070-02,중세국어문법의이해,전기량,False
2197,KOR4074-01,한국현대문화론,김문정,False
2198,KOR4076-01,문학연구방법,한만수,False
2199,KOR4079-01,국어음운과표준발음,변용우,False
2200,KOR4079-02,국어음운과표준발음,변용우,False
2201,KOR4090-01,문화연구입문,조은애,False
2202,KOR4090-02,문화연구입문,정창훈,False
2203,KOR4093-01,국어어휘와표현,김수진,False
2204,KOR4093-02,국어어휘와표현,김수진,False
2205,KOR4094-01,고전시가의세계,김상일,False
2206,KOR4096-01,고전소설의세계,정환국,False
2207,KOR4096-02,고전소설의세계,남궁윤,False
2208,KOR4104-01,고전문학과현대매체,최진경,False
2209,KOR4106-01,근현대문학사,서인숙,False
2210,KOR4108-01,고전기록문학읽기,김상일,False
2211,KOR4111-01,크리에이티브논픽션(캡스톤디자인),김일환,False
2212,KOR4112-01,불교언해구결문헌안내,김성주,False
2213,KOR4113-01,문학공간과불교,김일환,False
2214,KOR4115-01,주니어세미나(스토리콘텐츠 세미나),김일환,False
2215,LAW4007-01,가족법,최창렬,False
2216,LAW4045-01,사회보장법,조성혜,False
2217,LAW4048-01,환경법,최봉석,False
2218,LAW4052-01,저작권법,강기봉,False
2219,LAW4065-01,법철학,변종필,False
2220,LAW4066-01,자본시장법,하영태,False
2221,LAW4080-01,국제법총론,이용중,False
2222,LAW4080-02,국제법총론,김형구,False
2223,LAW4084-01,헌법소송법,김경제,False
2224,LAW4089-01,노동분쟁법,조성민,False
2225,LAW4094-01,보험법,이훈종,False
2226,LAW4105-01,인터넷법(캡스톤디자인),임규철,False
2227,LAW4114-01,국제인권법,김형구,False
2228,LAW4138-01,형사소송법판례연습,강동욱,False
2229,LAW4147-01,피해자학,송귀채,False
2230,LAW4157-01,민사소송법,김인범,False
2231,LAW4158-01,AmericanJudicialSystem,김재선,False
2232,LAW4158-02,AmericanJudicialSystem,홍대운,False
2233,LAW4159-01,SustainableDevelopmentLaw,이용중,False
2234,LAW4160-01,주니어세미나(법학진로와 현장체험),강동욱,False
2235,MAE4030-01,수학교육사,박경은,False
2236,MAE4031-01,수학적문제해결교육,이중권,False
2237,MAE4033-01,수리논술,김수금,False
2238,MAE4041-01,현대대수학2,안선신,False
2239,MAE4043-01,복소해석학2,이한주,False
2240,MAE4046-01,수학교재연구및지도법,이중권,False
2241,MAE4046-02,수학교재연구및지도법,이중권,False
2242,MAT4014-01,실해석,안재욱,False
2243,MAT4030-01,미분기하2,문환표,False
2244,MAT4033-01,암호론,조범규,False
2245,MAT4048-01,현대대수학Ⅱ,조범규,False
2246,MAT4049-01,편미분방정식,안재욱,False
2247,MAT4053-01,위상수학2,김도진,False
2248,MAT4055-01,수리확률론,문환표,False
2249,MAT4056-01,심층기계학습,권기운,False
2250,MEC4032-01,진동및소음,곽문규,False
2251,MEC4038-01,CAD/CAM,방세윤,False
2252,MEC4038-02,CAD/CAM,박수환,False
2253,MEC4065-01,특화설계,조수호,False
2254,MEC4065-02,특화설계,조수호,False
2255,MEC4068-01,연소와연료전지,이상용,False
2256,MEC4076-01,신재생에너지,이상용,False
2257,MEC4077-01,신소재특론,임중연,False
2258,MEC4080-01,트랙별종합설계프로젝트,이진우,False
2259,MEC4089-01,디지털제조,한민우,False
2260,MEC4091-01,자율사물시스템설계,고봉환,False
2261,MEC4093-01,소프트 로보틱스,한민우,False
2262,MEC4096-01,제어이론,고봉환,False
2263,MGT4030-01,서비스운영관리,송광석,False
2264,MGT4032-01,기업재무,전진규,False
2265,MGT4032-02,기업재무,전진규,False
2266,MGT4032-03,기업재무,배재완,False
2267,MGT4035-01,선물옵션,김대룡,False
2268,MGT4035-02,선물옵션,김대룡,False
2269,MGT4046-01,리더십,이병철,False
2270,MGT4046-02,리더십,김기흥,False
2271,MGT4046-03,리더십,김기흥,False
2272,MGT4047-01,윤리경영,정현천,False
2273,MGT4047-02,윤리경영,정현천,False
2274,MGT4049-01,경영전략,최경규,False
2275,MGT4049-02,경영전략,최경규,False
2276,MGT4053-01,인사관리,이병철,False
2277,MGT4053-02,인사관리,성상현,False
2278,MGT4053-03,인사관리,김동호,False
2279,MGT4059-01,글로벌운영전략,최현도,False
2280,MGT4059-02,글로벌운영전략,최현도,False
2281,MGT4061-01,경영과학,임성묵,False
2282,MGT4061-02,경영과학,임성묵,False
2283,MGT4064-01,유통전략,이상현,False
2284,MGT4064-02,유통전략,이상현,False
2285,MGT4069-01,채권론,윤선중,False
2286,MGT4069-02,채권론,윤선중,False
2287,MGT4071-01,브랜드관리(캡스톤디자인),양윤재,False
2288,MGT4072-01,마케팅커뮤니케이션(캡스톤디자인),권미진,False
2289,MGT4074-01,소비자행동론(NCS),전승우,False
2290,MGT4074-02,소비자행동론(NCS),전승우,False
2291,MGT4074-03,소비자행동론(NCS),이선녕,False
2292,MGT4075-01,마케팅리서치(NCS),이채호,False
2293,MGT4076-01,How to Reason Negotiate and Persuade like a boss,카린맥도날드,False
2294,MGT4077-01,Empowering techniques to Manage People Projects and Innovation,카린맥도날드,False
2295,MIS4010-01,IT거버넌스,황경태,False
2296,MIS4044-01,프로젝트관리,김인재,False
2297,MIS4054-01,빅데이터와비즈니스애널리틱스,김경재,False
2298,MIS4060-01,비즈니스모델개발프로젝트,김인재,False
2299,MIS4063-01,enterprise4.0과비즈니스모델혁신,권소연,False
2300,MIS4064-01,정보보안및개인정보보호,소영재,False
2301,MIS4071-01,소셜애널리틱스,권소연,False
2302,MIX4003-01,키네틱아트,홍기원,False
2303,MME4118-01,멀티미디어융합공학,이철,False
2304,MME4121-01,컴퓨터네트워크,이강만,False
2305,MME4122-01,멀티미디어종합설계(캡스톤디자인),조성인,False
2306,MME4126-01,소프트웨어설계,신인수,False
2307,MME4131-01,주니어세미나(AI와 컴퓨터비전),조성인,False
2308,NOR4004-01,북한연구방법론,황진태,False
2309,NOR4007-01,북한의문학과예술,김경숙,False
2310,NOR4014-01,통일환경과통일정책,한승대,False
2311,NOR4015-01,북한의지도자와사상체계,김규범,False
2312,NOR4019-01,북한일상생활연구세미나(캡스톤디자인),박민주,False
2313,NOR4021-01,남북한체제의비교와통합,한재헌,False
2315,PAI4001-01,미술비평론,이주희,False
2316,PAI4013-01,현대조형2,김영섭,False
2317,PAI4015-01,미디어연구1,주도양,False
2318,PAI4018-01,혼합매체2,김순임,False
2319,PAI4023-01,멘토프로그램(초청작가세미나),정유미,False
2320,PAI4027-01,현대회화연구2,정윤영,False
2321,PAI4028-01,영상연구2,주도양,False
2322,PAI4030-01,회화4(캡스톤디자인),허수빈,False
2323,PAI4032-01,회화6(캡스톤디자인),김영섭,False
2324,PAS4005-01,형사소송법,최철,False
2325,PAS4006-01,범죄예방론,김연수,False
2326,PAS4014-01,산업보안론,이준형,False
2327,PAS4023-01,미래사회와경찰활동,김연수,False
2328,PAS4024-01,테러리즘,이완희,False
2329,PAS4025-01,데이터베이스조사,김준호,False
2330,PAS4027-01,융합보안캡스톤디자인,이완희,False
2331,PAS4027-02,융합보안캡스톤디자인,박상진,False
2332,PHE4031-01,스포츠사회학,채재성,False
2333,PHE4031-02,스포츠사회학,서정운,False
2334,PHE4032-01,코우치론,송진섭,False
2335,PHE4036-01,체육측정평가,박병익,False
2336,PHE4036-02,체육측정평가,최현수,False
2337,PHE4038-01,동계스포츠지도법,김언호,False
2338,PHE4039-01,농구지도법,유제광,False
2339,PHE4060-01,체육논리및논술,유제광,False
2340,PHE4061-01,체육과연구법,박영권,False
2341,PHE4068-01,체육교재연구및지도법,박혜연,False
2342,PHE4071-01,운동기능지도법2,채재성,False
2343,PHE4082-01,안전및건강교육,김언호,False
2344,PHE4082-02,안전및건강교육,서지원,False
2345,PHI4027-01,문화와역사의철학,홍윤기,False
2346,PHI4069-01,미디어와 예술철학,허유선,False
2347,PHI4075-01,포스트 휴머니즘과 인간의 삶,심지원,False
2348,PHI4078-01,현상학과 심리철학,김영진,False
2349,PHI4080-01,인지과학의 철학,심지원,False
2350,PHI4082-01,송명성리학,김제란,False
2351,PHI4084-01,도가·도교사상의이해,유병래,False
2352,PHI4086-01,멘토프로그램(철학 콘텐츠 기획 실습),허유선,False
2353,PHY4001-01,전자기학2,양우철,False
2354,PHY4008-01,수리물리학2,조훈영,False
2355,PHY4012-01,양자역학2,조훈영,False
2356,PHY4019-01,입자물리학,곽보근,False
2357,PHY4037-01,응용물리학,손정인,False
2358,PHY4045-01,소재물리학,정권범,False
2359,PHY4046-01,물리학과 알고리즘,곽보근,False
2360,PHY4047-01,에너지물리학,김광주,False
2361,PHY4049-01,첨단응용물리실험,정권범,False
2362,PHY4051-01,물리연구프로젝트2,손정인,False
2363,PMY4015-01,의약화학1,김영우,False
2364,PMY4016-01,의약품설계학,이경,False
2365,PMY4017-01,약물학2,최영희,False
2366,PMY4019-01,약제학2,한효경,False
2367,PMY4020-01,제제공학,정성훈,False
2368,PMY4022-01,약학실습4,최영희,False
2369,PMY4024-01,내분비약물학,최영희,False
2370,PMY4040-01,약물치료학3,최창익,False
2371,PMY4041-01,약물치료학4,최창익,False
2372,PMY4042-01,생물의약품학,이충호,False
2373,PMY4045-01,조제학,송은호,False
2374,PMY4047-01,커뮤니케이션스킬,진혜경,False
2375,PMY4053-01,기초예비실무실습,권경희,False
2379,PMY4066-01,복약지도론,김지애,False
2380,PMY4070-01,약사윤리와보건의약관계법규,권경희,False
2381,PMY4073-01,약동학,최영희,False
2383,PMY4094-01,일반의약품학,이지현,False
2384,PMY4099-01,한약제제학,김현우,False
2386,POL2044-01,정치학세미나(어드벤처디자인),박명호,False
2387,POL2044-02,정치학세미나(어드벤처디자인),케네스윌슨,False
2388,POL4041-01,비교민주주의론,이재철,False
2389,POL4045-01,유럽정치론,케네스윌슨,False
2390,POL4065-01,국제분쟁의이해,우정무,False
2391,POL4067-01,현대정치철학,황태연,False
2392,POL4070-01,선거제도의이해(캡스톤디자인),이재철,False
2393,POL4073-01,비교정치(캡스톤디자인),차홍석,False
2394,POL4080-01,외교정책과국제정치,우정무,False
2395,POL4084-01,게임이론을통한정치분석,김준석,False
2396,POL4086-01,정치자료를통한빅데이터분석실습,김정연,False
2397,POL4089-01,미국정치론(캡스톤디자인),김준석,False
2398,POL4091-01,사회과학전공자를위한머신러닝입문,김정연,False
2399,POL4095-01,한국정치사,차홍석,False
2401,POS4003-01,경찰인사행정,채문희,False
2402,POS4006-01,경찰정책론,이미정,False
2403,POS4007-01,수사심리학,문혜민,False
2404,POS4008-01,폭력범죄론,리카르도,False
2405,POS4009-01,경찰행정법,이미정,False
2406,PUB4005-01,복지행정론,이주하,False
2407,PUB4012-01,정책평가론,오영민,False
2408,PUB4023-01,공공서비스론,박상관,False
2409,PUB4035-01,인사행정론,배광빈,False
2410,PUB4036-01,주니어세미나(문화와 행정학),주창범,False
2411,PUB4037-01,산학융합종합설계(산학융합행정),주창범,False
2412,PUB4038-01,정책기획과분석,이정관,False
2413,PUB4040-01,국가재정과재무관리,오영민,False
2414,PUB4041-01,정책사례연구(캡스톤디자인),김민휴,False
2415,PUB4042-01,지방자치와도시행정(캡스톤디자인),주창범,False
2416,PUB4048-01,행정과PSAT,배광빈,False
2417,PUB4049-01,정부규제론,우창빈,False
2418,PUB4052-01,행정계량분석(캡스톤디자인),주창범,False
2419,PUB4055-01,AI시대의행정법,김민휴,False
2420,SCS4019-01,데이터베이스,송충건,False
2421,SCS4031-01,융합캡스톤디자인,신연순,False
2422,SCS4031-02,융합캡스톤디자인,신연순,False
2423,SCS4042-01,자료구조및알고리즘2,김광일,False
2424,SCS4045-01,오픈소스소프트웨어프로젝트,김동호,False
2425,SCS4048-01,모바일프로그래밍,송충건,False
2426,SCS4049-01,머신러닝과데이터사이언스,선석규,False
2427,SCS4050-01,웹서버실습,김동호,False
2428,SCU4024-01,멘토프로그램(미술관탐방),전서영,False
2429,SCU4030-01,설치와매체(캡스톤디자인),김한솔,False
2430,SCU4031-01,소조6(캡스톤디자인),김선열,False
2431,SCU4036-01,현대작가세미나(캡스톤디자인),신자은,False
2432,SCU4038-01,소조4(캡스톤디자인),김현준,False
2433,SCU4039-01,금속조2(캡스톤디자인),김황록,False
2434,SCU4040-01,혼합조각연구2(캡스톤디자인),김황록,False
2435,SCU4044-01,컴퓨터그래픽2D3D2,김한기,False
2436,SEM4006-01,전파공학,정웅,False
2437,SEM4009-01,반도체소자및실습2,이세준,False
2438,SEM4014-01,반도체공정및실습2,이세준,False
2439,SEM4015-01,디스플레이공학,김득영,False
2440,SEM4062-01,메모리소자및재료,임현식,False
2441,SEM4069-01,시스템반도체설계,송민규,False
2442,SEM4071-01,초고주파회로및설계,정웅,False
2443,SEM4075-01,전력반도체,이영민,False
2444,SEM4076-01,반도체분광학,장재원,False
2445,SEM4079-01,인공지능하드웨어설계프로젝트,김재현,False
2446,SOC4005-01,비교사회학,윤충로,False
2447,SOC4011-01,사회조사실습,김상문,False
2448,SOC4013-01,고령화사회론,김정석,False
2449,SOC4014-01,특수사회학,윤충로,False
2450,SOC4015-01,다문화사회실습,이충훈,False
2451,SOC4022-01,4차 산업혁명과 사회변동,허윤정,False
2452,SOC4025-01,일상생활의정치사회학,김종철,False
2453,SOC4026-01,지역사회정책과공동체,김종철,False
2454,SOW4016-01,아동복지론,윤여원,False
2455,SOW4032-01,사회복지현장실습,윤여원,False
2456,SOW4034-01,사회복지조사론,홍송이,False
2457,SOW4037-01,사회복지실천기술론,김일명,False
2458,SOW4042-01,사회복지법제와실천,김남희,False
2459,SOW4046-01,의료사회복지론,손가현,False
2460,SOW4048-01,사회복지와문화다양성,이은영,False
2461,SOW4050-01,사례관리론,이은정,False
2462,SOW4051-01,사회복지행정론,김학주,False
2463,SPC4014-01,스포츠영양학,이기혁,False
2464,SPC4020-01,스포츠시설운영및관리,김종호,False
2465,SPC4029-01,스포츠전문영어,염희옥,False
2466,SPC4031-01,운동처방론,고덕한,False
2468,SPC4040-01,트레이닝방법론,정진욱,False
2469,SPC4043-01,스포츠상해및재활,최문영,False
2470,SPC4044-01,스포츠코칭,김인우,False
2471,SPC4050-01,운동발달및학습,임상훈,False
2472,SPC4051-01,스포츠지도자리더십,이완영,False
2473,SPC4053-01,스포츠생체역학,최문영,False
2474,SPC4055-01,스포츠와미디어,김종호,False
2475,SPC4060-01,웨이트트레이닝,강의수,False
2476,SPC4061-01,스포츠와4차산업,조용인,False
2477,SPC4062-01,스포츠융복합세미나,김인우,False
2478,STA4006-01,범주형자료분석,김희경,False
2479,STA4012-01,실험계획법,안홍엽,False
2480,STA4017-01,통계모델링및컨설팅2,최성은,False
2481,STA4020-01,통계적품질관리,박소형,False
2482,STA4037-01,표본조사방법론및실습,김선웅,False
2483,STA4037-02,표본조사방법론및실습,박소형,False
2484,STA4039-01,생존분석,박주현,False
2485,SUR4001-01,서베이설계및관리실습,홍성준,False
2486,THE4005-01,연기6,신영섭,False
2487,THE4005-02,연기6,조준희,False
2488,THE4007-01,카메라연기2,박은경,False
2489,THE4009-01,뮤지컬연기2,이동훈,False
2490,THE4011-01,뮤지컬보컬6,윤아르나,False
2491,THE4011-02,뮤지컬보컬6,홍금단,False
2492,THE4013-01,무브먼트2,도재형,False
2493,THE4015-01,현대무용2,전지연,False
2494,THE4015-02,현대무용2,김진선,False
2495,THE4019-01,프로덕션디자인&테크놀로지2,최규선,False
2496,THE4021-01,연극제작2(캡스톤디자인),이종민,False
2497,THE4023-01,연극제작4(캡스톤디자인),조준희,False
2498,THE4025-01,뮤지컬제작2(캡스톤디자인),최규선,False
2499,THE4027-01,뮤지컬제작4(캡스톤디자인),이동훈,False
2500,THE4030-01,예술경영,정달영,False
2501,THE4032-01,연극사2,남지수,False
2503,THE4035-01,오디션,신영섭,False
2504,THE4037-01,보이스4,이지은,False
2505,THE4037-02,보이스4,권지혜,False
2506,THE4040-01,현대무용4,전지연,False
2507,THE4040-02,현대무용4,최성욱,False
2508,TRA4001-01,글로벌물류관리론,곽수영,False
2509,TRA4001-02,글로벌물류관리론,곽수영,False
2510,TRA4007-01,글로벌비즈니스커뮤니케이션,이도형,False
2511,TRA4008-01,글로벌마켓리서치,변승혁,False
2512,TRA4017-01,국제무역론,소병선,False
2513,TRA4018-01,국제통상론,최문성,False
2514,TRA4019-01,글로벌파생상품전략,김석태,False
2515,TRA4020-01,무역영어,곽수영,False
2516,TRA4020-02,무역영어,곽수영,False
2517,TRA4021-01,아태지역통상론,남은영,False
2518,TRA4025-01,인적자원관리론,이도형,False
2519,TRA4025-02,인적자원관리론,이도형,False
2520,TRA4026-01,창업실무,한상준,False
2521,TRA4027-01,글로벌경영분석론,장미령,False
2522,TRA4027-02,글로벌경영분석론,장미령,False
2523,KCC2017-01,문학자료의 디지털 정보화 연습,유인혁,False
2524,KCC2018-01,업무용글쓰기실습,백우진,False
2525,ERC0001-02,교육학개론,임광국,False
2526,ERC0001-03,교육학개론,임광국,False
2527,ERC0001-04,교육학개론,김우영,False
2528,ERC0001-05,교육학개론,김우영,False
2529,ERC0002-01,교육심리,윤초희,False
2530,ERC0002-02,교육심리,김명숙,False
2531,ERC0002-03,교육심리,김명숙,False
2532,ERC0002-04,교육심리,이나경,False
2533,ERC0003-01,교육철학및교육사,이주호,False
2534,ERC0003-02,교육철학및교육사,김주환,False
2535,ERC0003-04,교육철학및교육사,이주호,False
2536,ERC0005-01,교육사회,김지연,False
2537,ERC0005-02,교육사회,김지연,False
2538,ERC0006-01,교육방법및교육공학,이선희,False
2539,ERC0006-02,교육방법및교육공학,이정훈,False
2540,ERC0006-03,교육방법및교육공학,이정훈,False
2541,ERC0007-01,교육행정및교육경영,심태은,False
2542,ERC0007-02,교육행정및교육경영,심태은,False
2543,ERC0007-03,교육행정및교육경영,황은희,False
2544,ERC0007-04,교육행정및교육경영,황은희,False
2545,ERC0011-01,교육과정,이서인,False
2546,ERC0011-02,교육과정,홍지완,False
2547,ERC0011-03,교육과정,홍지완,False
2548,ERC0012-01,교육평가,고은선,False
2549,ERC0012-02,교육평가,김미희,False
2550,ERC0012-03,교육평가,김미희,False
2551,ERC0013-01,교직실무,이원춘,False
2552,ERC0013-02,교직실무,이원춘,False
2553,ERC0013-03,교직실무,이경재,False
2554,ERC0013-04,교직실무,오덕열,False
2555,ERC0013-05,교직실무,오덕열,False
2556,ERC0018-01,생활지도및상담,박현주,False
2557,ERC0018-02,생활지도및상담,김병관,False
2558,ERC0019-01,특수교육학개론,이효정,False
2559,ERC0019-02,특수교육학개론,심성용,False
2560,ERC0019-03,특수교육학개론,심성용,False
2561,ERC0019-04,특수교육학개론,김지영,False
2562,ERC0019-05,특수교육학개론,김지영,False
2563,ERC0020-01,학교폭력예방및학생의이해,심성용,False
2564,ERC0020-02,학교폭력예방및학생의이해,심성용,False
2565,ERC0020-03,학교폭력예방및학생의이해,최은영,False
2566,ERC0020-04,학교폭력예방및학생의이해,최은영,False
2571,ERC2034-01,종교교재연구및지도법,문현공(혜원),False
2572,ERC2036-01,영어교재연구및지도법,신정아,False
2573,ERC2040-01,물리교재연구및지도법,김형상,False
2574,ERC2041-01,화학교재연구및지도법,이종혁,False
2575,ERC2042-01,일반사회교재연구및지도법,서창훈,False
2576,ERC2044-01,농업교재연구및지도법,이경림,False
2577,ERC2045-01,생물교재연구및지도법,조선희,False
2578,ERC2048-01,미술교재연구및지도법,김지균,False
2579,ERC2049-01,중국어교재연구및지도법,서미령,False
2580,ERC2050-01,연극영화교재연구및지도법,안형민,False
2581,ERC2054-01,교직논리및논술,고희성,False
2582,ERC2055-01,통합사회교재연구및지도법,이서영,False
2586,LED0007-01,평생교육방법론,이원춘,False
2587,LED0013-01,평생교육경영론,김혁,False
2588,NAD1001-01,N-데이터과학개요,이우진,True
2589,NAD1002-01,N-기계학습기본알고리즘,김지희,True
2590,NAD1003-01,N-데이터시각화개요,장혜령,True
2591,NAD1005-01,N-탐색적데이터분석,임상수,True
2592,NAD1006-01,N-기계학습,김지희,True
2593,NAD1007-01,N-딥러닝알고리즘,김지희,True
2594,NAD1008-01,N-추천시스템기본알고리즘,김지희,True
2595,NAD1009-01,N-추천시스템고급알고리즘,김지희,True
